ccbaKdcd,ccbaAsno,ccbaCtcd,ccbaMnm1,ccbaLcad,ccceName,content,imageUrl
11,00010000,11,서울 숭례문,서울 중구 세종대로 40 (남대문로4가),조선 태조 7년(1398),"조선시대 한양도성의 정문으로 남쪽에 있다고 해서 남대문이라고도 불렀다. 현재 서울에 남아 있는 목조 건물 중 가장 오래된 것으로 태조 5년(1396)에 짓기 시작하여 태조 7년(1398)에 완성하였다. 이 건물은 세종 30년(1448)에 고쳐 지은 것인데 1961∼1963년 해체·수리 때 성종 10년(1479)에도 큰 공사가 있었다는 사실이 밝혀졌다. 이후, 2008년 2월 10일 숭례문 방화 화재로 누각 2층 지붕이 붕괴되고 1층 지붕도 일부 소실되는 등 큰 피해를 입었으며, 5년 2개월에 걸친 복원공사 끝에 2013년 5월 4일 준공되어 일반에 공개되고 있다.
 이 문은 돌을 높이 쌓아 만든 석축 가운데에 무지개 모양의 홍예문을 두고, 그 위에 앞면 5칸·옆면 2칸 크기로 지은 누각형 2층 건물이다. 지붕은 앞면에서 볼 때 사다리꼴 형태를 하고 있는데, 이러한 지붕을 우진각지붕이라 한다. 지붕 처마를 받치기 위해 기둥 위부분에 장식하여 짠 구조가 기둥 위뿐만 아니라 기둥 사이에도 있는 다포 양식으로, 그 형태가 곡이 심하지 않고 짜임도 건실해 조선 전기의 특징을 잘 보여주고 있다.
 『지봉유설』의 기록에는 ‘숭례문’이라고 쓴 현판을 양녕대군이 썼다고 한다. 지어진 연대를 정확히 알 수 있는 서울 성곽 중에서 제일 오래된 목조 건축물이다.
Ο 숭례문 방화 화재(2008.2.10)
­­­2008년 숭례문 방화 사건(崇禮門放火事件)은 2008년 2월 10일 ~ 2월 11일 숭례문 건물이 방화로 타 무너진 사건이다. 화재는 2008년 2월 10일 오후 8시 40분 전후에 발생하여 다음날인 2008년 2월 11일 오전 0시 40분경 숭례문의 누각 2층 지붕이 붕괴하였고 이어 1층에도 불이 붙어 화재 5시간 만인 오전 1시 55분쯤 석축을 제외한 건물이 훼손되었다.",http://www.cha.go.kr/unisearch/images/national_treasure/2685609.jpg
11,00020000,11,서울 원각사지 십층석탑,서울 종로구 종로 99 (종로2가) / (지번)서울 종로구 종로2가 38-2번지 탑골공원,조선시대 초기 15세기,"원각사는 지금의 탑골공원 자리에 있었던 절로, 조선 세조 11년(1465)에 세웠다. 조선시대의 숭유억불정책 속에서도 중요한 사찰로 보호되어 오다가 1504년 연산군이 이 절을 ‘연방원(聯芳院)’이라는 이름의 기생집으로 만들어 승려들을 내보냄으로써 절은 없어지게 되었다.
 이 탑은 조선시대의 석탑으로는 유일한 형태로, 높이는 약 12m이다. 대리석으로 만들어졌으며 탑 구석구석에 표현된 화려한 조각이 대리석의 회백색과 잘 어울려 더욱 아름답게 보인다.
 탑을 받쳐주는 기단(基壇)은 3단으로 되어있고, 위에서 보면 아(亞)자 모양이다. 기단의 각 층 옆면에는 여러가지 장식이 화사하게 조각되었는데 용, 사자, 연꽃무늬 등이 표현되었다. 탑신부(塔身部)는 10층으로 이루어져 있으며, 3층까지는 기단과 같은 아(亞)자 모양을 하고 있고 4층부터는 정사각형의 평면을 이루고 있다. 각 층마다 목조건축을 모방하여 지붕, 공포(목조건축에서 처마를 받치기 위해 기둥 위에 얹는 부재), 기둥 등을 세부적으로 잘 표현하였다.
 우리나라 석탑의 일반적 재료가 화강암인데 비해 대리석으로 만들어 졌고, 전체적인 형태나 세부구조 등이 고려시대의 경천사지 10층석탑과 매우 비슷하여 더욱 주의를 끌고 있다. 탑의 윗부분에 남아있는 기록으로 세조 13년(1467)에 만들어졌음을 알 수 있으며, 형태가 특이하고 표현장식이 풍부하여 훌륭한 걸작품으로 손꼽히고 있다.",http://www.cha.go.kr/unisearch/images/national_treasure/1611449.jpg
11,00030000,11,서울 북한산 신라 진흥왕 순수비,"서울 용산구 서빙고로 137, 국립중앙박물관 (용산동6가)",신라 진흥왕대,"신라 진흥왕(재위 540∼576)이 세운 순수척경비(巡狩拓境碑) 가운데 하나로, 한강유역을 영토로 편입한 뒤 왕이 이 지역을 방문한 것을 기념하기 위하여 세운 것이다. 원래는 북한산 비봉에 자리하고 있었으나 비(碑)를 보존하기 위하여 경복궁에 옮겨 놓았다가 현재는 국립중앙박물관에 보관되어 있다. 
 비의 형태는 직사각형의 다듬어진 돌을 사용하였으며, 자연암반 위에 2단의 층을 만들고 세웠다. 윗부분이 일부 없어졌는데, 현재 남아 있는 비몸의 크기는 높이 1.54m, 너비 69㎝이며, 비에 쓰여져 있는 글은 모두 12행으로 행마다 32자가 해서체로 새겨져 있다. 내용으로는 왕이 지방을 방문하는 목적과 비를 세우게 된 까닭 등이 기록되어 있는데, 대부분이 진흥왕의 영토확장을 찬양하는 내용으로 이루어져 있다.
 비의 건립연대는 비문에 새겨진 연호가 닳아 없어져 확실하지 않으나, 창녕 신라 진흥왕 척경비(국보)가 건립된 진흥왕 22년(561)과 황초령비가 세워진 진흥왕 29년(568) 사이에 세워졌거나 그 이후로 짐작하고 있다.
 조선 순조 16년(1816)에 추사 김정희가 발견하고 판독하여 세상에 알려졌으며, 비에 새겨진 당시의 역사적 사실 등은 삼국시대의 역사를 연구하는데 귀중한 자료가 되고 있다.",http://www.cha.go.kr/unisearch/images/national_treasure/1611458.jpg
11,00040000,31,여주 고달사지 승탑,경기도 여주시 북내면 상교리 411-1,고려시대,"고달사터에 남아 있는 높이 4.3m의 고려시대의 승탑이다. 고달사는 통일신라시대 경덕왕 23년(764)에 창건된 절로, 고려 광종 이후에는 왕들의 보호를 받아 큰 사찰로서의 면모를 유지하기도 하였으나, 조선시대에 폐사된 것으로 추정된다.

  이 탑은 바닥의 형태가 8각을 이루고 있으며, 꼭대기의 머리장식이 완전하지 않은 것을 제외하면 대부분 잘 남아있다. 전체의 무게를 지탱하고 있는 기단(基壇)은 상·중·하대 세 부분으로 구성되어 있다. 하대의 각 면에는 내부에 꽃 형태의 무늬가 있는 안상(眼象)이 2구씩 새겨져 있고 윗면에는 16엽의 연판이 돌려졌다. 중대는 이 승탑에서 가장 조각수법이 뛰어난 부재로써 거의 원형을 이루고 있으며, 정면을 바라보고 있는 용과 같은 얼굴의 거북은 입체적으로 표현되어 사실감이 느껴진다. 가운데 거북을 중심으로 총 네 마리의 용이 보주를 쥐고 있으며, 나머지 공간은 구름무늬를 가득 채웠다. 상대석에는 큼지막한 8엽의 앙련이 조각되어 탑몸돌을 받치고 있다.  

  탑몸돌에는 문비와 자물쇠, 사천왕상(四天王像), 광창(光窓)이 표현되어 있다. 몸돌을 덮고 있는 지붕돌은 꽤 두꺼운 편으로 아랫면에 비천과 구름을 표현하였다. 지붕돌 윗면 각 모서리를 따라 아래로 미끄러지면 그 끝마다 큼직한 귀꽃이 달려 있는데, 일부는 파손된 상태이다. 상륜부에는 둥글넓적한 복발 위로 보개(寶蓋)와 보주(寶珠)가 올려져있다. 

  전체적으로 통일신라 승탑의 기본형인 팔각원당형 구조를 잘 따르면서도 조각의 세부수법에서는 고려 특유의 양식을 보이고 있어 고려시대 전기에 세워졌을 것으로 보인다.",http://www.cha.go.kr/unisearch/images/national_treasure/1612029.jpg
11,00050000,33,보은 법주사 쌍사자 석등,"충북 보은군 속리산면 법주사로 379, 법주사 (사내리)",통일신라시대,"법주사 대웅전과 팔상전 사이에 있는 통일신라시대의 석등으로, 사자를 조각한 석조물 가운데 가장 오래되었으며 매우 독특한 형태를 하고 있다. 
 넓다란 8각의 바닥돌 위에 올려진 사자 조각은 두 마리가 서로 가슴을 맞대고 뒷발로 아래돌을 디디고 서서 앞발과 주둥이로는 윗돌을 받치고 있는 모습이다. 아랫돌과 윗돌에는 각각 연꽃을 새겨 두었는데, 윗돌에 두 줄로 돌려진 연꽃무늬는 옛스러운 멋을 풍기며, 현재 남아있는 사자조각들 가운데 가장 뛰어나 머리의 갈기, 다리와 몸의 근육까지도 사실적으로 표현하였다. 
불을 밝혀두는 화사석(火舍石)은 8각으로 높직하며, 네 곳에 창을 내어 불빛이 새어나오도록 하였다. 지붕돌은 처마밑이 수평을 이루다가 여덟 귀퉁이에서 위로 살짝 들려 있는데, 꾸밈을 두지 않아서인지 소박하고 안정되어 보인다.
 석등을 세운 시기는 통일신라 성덕왕 19년(720)으로 추측되며, 조금 큰 듯한 지붕돌이 넓적한 바닥돌과 알맞은 비례를 이루어 장중한 품격이 넘친다. 통일신라의 석등이 8각 기둥을 주로 사용하던 것에 비해 두 마리의 사자가 이를 대신하고 있어 당시로서는 상당히 획기적인 시도였을 것으로 보이며, 통일신라는 물론 후대에 가서도 이를 모방하는 작품이 나타났다. 같은 절 안에 있는 보은 법주사 사천왕 석등(보물)과 함께 통일신라 석등을 대표하는 작품이라 할 수 있다.",http://www.cha.go.kr/unisearch/images/national_treasure/1612140.jpg
11,00060000,33,충주 탑평리 칠층석탑,충청북도 충주시 중앙탑면 탑평리 11,통일신라시대 8세기,"남한강의 아름다운 경관과 잘 어우러져 있는 통일신라시대의 석탑으로, 당시에 세워진 석탑 중 가장 규모가 크며, 우리나라의 중앙부에 위치한다고 해서 중앙탑(中央塔)이라고도 부르는 이 탑은 2단의 기단(基壇) 위에 7층의 탑신(塔身)을 올린 모습이다.
 높은 탑신을 받치기 위해 넓게 시작되는 기단은 각 면마다 여러 개의 기둥 모양을 새겨 놓았고, 탑신부의 각 층 몸돌 역시 모서리마다 기둥 모양의 조각을 두었다. 몸돌을 덮고 있는 지붕돌은 네 귀퉁이 끝이 경쾌하게 치켜올려 있어 자칫 무겁게 보일 수 있는 탑에 활기를 주고 있으며, 밑면에는 5단씩의 받침을 새겨 놓았다. 탑 정상의 머리장식은 보통 하나의 받침돌 위에 머리장식이 얹어지는 신라 석탑의 전형적인 양식에서 벗어나, 이중으로 포개어진 똑같은 모양의 받침돌이 머리장식을 받쳐주고 있다.
 기단에서의 기둥조각 배치, 탑신의 몸돌과 지붕돌의 짜임수법으로 보아 통일신라 후기인 8세기 후반에 세웠을 것으로 추측된다.  1917년 탑을 보수할 때 6층 몸돌과 기단 밑에서 사리장치와 유물이 발견되었는데, 특히 6층 몸돌에서 발견된 거울이 고려시대의 것으로 밝혀져 탑 조성 이후 고려시대에 와서 2차 봉안이 있었던 것으로 보인다.
 전체적으로 규모가 커서 웅장하기는 하나 너비에 비해 지나치게 높은 듯 하여 안정감은 덜하며, 세부수법이 약화되고 있어, 일제당시 보수하면서 일부 변형되었다는 논란이 있다.",http://www.cha.go.kr/unisearch/images/national_treasure/1612144.jpg
11,00070000,34,천안 봉선홍경사 갈기비,충청남도 천안시 서북구 성환읍 대홍리 319-8,고려 현종 17년(1026),"봉선홍경사는 고려 현종 12년(1021)에 창건된 절이다. 절이름 앞의 ‘봉선(奉先)’은 고려 현종(顯宗)이 불교의 교리를 전하기 위하여 절을 짓고자 하였으나 실천하지 못하고 돌아가신 아버지 안종(安宗)의 뜻을 받든다는 의미로 붙인 이름이다. 현재 절터에는 절의 창건에 관한 기록을 담은 비석만이 남아 있다.
 갈비(碣碑)는 일반적인 석비보다 규모가 작은 것을 말하는데, 대개는 머릿돌이나 지붕돌을 따로 얹지 않고 비몸의 끝부분을 둥글게 처리하는 것이 보통이다. 하지만 이 비는 거북받침돌과 머릿돌을 모두 갖추고 있어 석비의 형식과 다르지 않다. 
 거북모습의 받침돌은 양식상의 변화로 머리가 용의 머리로 바뀌었고, 물고기의 지느러미같은 날개를 머리 양쪽에 새겨 생동감을 더하고 있다. 비몸돌 앞면 윗쪽에는 ‘봉선홍경사갈기(奉先弘慶寺碣記)’라는 비의 제목이 가로로 새겨져 있다. 머릿돌에는 구름에 휩싸인 용이 새겨져 있다.
 이 비는 비문의 내용으로 보아 절을 세운 지 5년이 지난 고려 현종 17년(1026)에 세운 것으로 알려져 있다. 비문은 ‘해동공자’로 불리던 고려시대 최고의 유학자 최충이 짓고, 백현례가 글씨를 썼다.",http://www.cha.go.kr/unisearch/images/national_treasure/1612203.jpg
11,00080000,34,보령 성주사지 대낭혜화상탑비,충청남도 보령시 성주면 성주리 78,통일신라 진성여왕4년(890),"성주사터에 남아 있는 통일신라시대의 승려 낭혜화상 무염(無染)의 탑비이다. 
낭혜화상은 무열왕의 8세손으로 애장왕 2년(801)에 태어나 열세 살 되던 해에 출가, 헌덕왕 13년(821)에 당나라로 유학하여 수도를 통해 깨달음을 얻게 되었고 문성왕 7년(845)에 귀국하여 당시 웅천(지금의 보령)에 있던 오합사(烏合寺)의 주지가 되었다.
 이 절에서 선(禪)을 널리 알리고 점점 크게 번성하게 되자, 왕은 ‘성주사’라는 절 이름을 내려주었으며, 진성여왕 2년(888) 89세로 이 절에서 입적하니 왕은 시호를 ‘낭혜’라 하고, 탑 이름을 ‘백월보광’이라 내리었다.
 절터 서북쪽에 세워진 이 비는 거북 모습의 받침돌 위에 비몸을 세우고 그 위로 머릿돌을 얹은 모습으로 받침돌이 심하게 부서진 채 흙에 묻혀 있던 것을 1974년에 해체·보수하였다. 
 얼굴의 일부분이 깨져 있는 거북은 머리 위쪽에 둥근 뿔이 나 있고, 뒤로 째진 눈에는 눈썹이 휘말려 있으며, 입은 마치 불을 내뿜으려는 기세이다. 등에는 선명한 이중의 육각무늬를 새기고, 중앙에는 제법 굵직한 구름무늬가 사실적으로 표현되어 있다. 구름무늬 위로는 비몸을 꽂아두는 네모난 홈을 높게 마련하여 각 면을 장식하였다. 길다란 비몸은 앞면에만 비문을 새기고, 위쪽 양 모서리를 둥글게 깎아 놓았다. 맨 위에 올려진 머릿돌은 밑면에 연꽃을 두르고, 그 위로 구름과 용이 서로 뒤엉킨 장면을 입체적으로 조각하였는데, 힘찬 용틀임과 웅장한 기상이 잘 나타나 있다. 앞면에는 받침돌의 거북머리와 같은 방향으로 용머리가 툭 불거져 나와 있어 흥미를 자아낸다.
 비문에는 낭혜화상의 업적이 자세히 적혀 있는데, 진골이던 낭혜화상의 가문이 아버지 대에 이르러 6두품의 신분으로 낮아지는 대목도 나타나 있어 당시 신라골품제도의 연구자료로서도 중요한 가치를 지닌다. 최치원이 글을 짓고 그의 사촌인 최인곤이 글씨를 썼으며, 비를 세운 시기는 적혀 있지 않으나, 낭혜화상이 입적한 지 2년 후인 진성여왕 4년(890)에 그의 사리탑을 세웠다는 기록이 있어 이 때 비도 함께 세웠을 것으로 보고 있다.
 통일신라시대에 만들어진 탑비 중에서 가장 거대한 풍채를 자랑하며, 화려하고 아름다운 조각솜씨가 작품속에서 유감없이 발휘되어 통일신라시대 최고의 수준을 보여주고 있다.",http://www.cha.go.kr/unisearch/images/national_treasure/1612211.jpg
11,00090000,34,부여 정림사지 오층석탑,"충청남도 부여군 정림로 83 (부여읍, 정림사지) 정림사지박물관",백제시대 후기 7세기,"부여 정림사터에 세워져 있는 석탑으로, 좁고 낮은 1단의 기단(基壇)위에 5층의 탑신(塔身)을 세운 모습이다. 신라와의 연합군으로 백제를 멸망시킨 당나라 장수 소정방이 ‘백제를 정벌한 기념탑’이라는 뜻의 글귀를 이 탑에 남겨놓아, 한때는 ‘평제탑’이라고 잘못 불리어지는 수모를 겪기도 하였다.
 기단은 각 면의 가운데와 모서리에 기둥돌을 끼워 놓았고, 탑신부의 각 층 몸돌에는 모서리마다 기둥을 세워놓았는데, 하부로부터 상부로 가면서 점차 폭을 줄이는 민흘림기법을 사용하였다. 얇고 넓은 지붕돌은 처마의 네 귀퉁이에서 부드럽게 들려져 단아한 자태를 보여준다.
 좁고 얕은 1단의 기단과 민흘림기법의 기둥표현, 얇고 넓은 지붕돌의 형태 등은 목조건물의 형식을 충실히 이행하면서도 단순한 모방이 아닌 세련되고 창의적인 조형을 보여주며, 전체의 형태가 매우 장중하고 아름답다. 
익산 미륵사지 석탑(국보)과 함께 2기만 남아있는 백제시대의 석탑이라는 점에서도 귀중한 자료로 평가되며, 세련되고 정제된 조형미를 통해 격조높은 기품을 풍기고 있는 아름다운 작품이다.",http://www.cha.go.kr/unisearch/images/national_treasure/1612225.jpg
11,00100000,35,남원 실상사 백장암 삼층석탑,전라북도 남원시 산내면 대정리 975,통일신라시대 9세기,"실상사는 지리산 천왕봉 서편에 위치한 절로, 통일신라 흥덕왕 3년(828)에 홍척(洪陟)이 창건하였다. 이 곳에서 북쪽으로 얼마쯤 가다보면 백장암이 나타나는데, 실상사에 딸린 소박한 암자로, 그 아래 경작지에 이 탑이 세워져 있다.
 낮은 기단(基壇) 위에 3층의 탑신(塔身)을 올린 모습으로, 각 부의 구조와 조각에서 특이한 양식과 수법을 보이고 있다. 즉, 일반적인 탑은 위로 올라갈수록 너비와 높이가 줄어드는데 비해 이 탑은 너비가 거의 일정하며, 2층과 3층은 높이도 비슷하다. 층을 이루지 않고 두툼한 한 단으로 표현된 지붕돌의 받침도 당시의 수법에서 벗어나 있다. 또한 탑 전체에 조각이 가득하여 기단은 물론 탑신에서 지붕에 이르기까지 다양한 조각이 나타난다. 기단과 탑신괴임에는 난간모양을 새겨 멋을 내었고, 탑신의 1층에는 보살상(菩薩像)과 신장상(神將像)을, 2층에는 음악을 연주하는 천인상(天人像)을, 3층에는 천인좌상(天人坐像)을 새겼다. 지붕돌 밑면에는 연꽃무늬를 새겼는데 3층만은 삼존상(三尊像)이 새겨져 있다.
 통일신라시대 후기에 세워진 것으로 추측되는 이 탑은 갖가지 모습들의 조각으로 화려하게 장식하는 등 형식에 얽매이지 않은 자유로운 구조가 돋보이고 있어, 당시를 대표하는 아름다운 석탑 중 하나라 할 수 있다.",http://www.cha.go.kr/unisearch/images/national_treasure/1612336.jpg
11,00110000,35,익산 미륵사지 석탑,전북 익산시 금마면 기양리 97번지,백제시대 후기 7세기,"백제 최대의 사찰이었던 익산 미륵사는 무왕(武王, 600-641) 대에 창건된 것으로 알려져 있다. 미륵사는 전형적인 1탑1금당의 백제식 가람배치와 달리 세 개의 탑과 금당 등으로 구성된 3탑3금당의 독특한 배치형식이다. 이 미륵사지 석탑은 세 개의 탑 중 서쪽에 위치한 탑이다. 우리나라 석탑 중 가장 규모가 크고 창건시기가 명확하게 밝혀진 석탑 중 가장 이른 시기에 건립된 것이다. 원래는 9층으로 추정되고 있으나 반파된 상태로 6층 일부까지만 남아있었다. 창건당시의 정확한 원형은 알 수 없으며, 17~18세기 이전 1층 둘레에 석축이 보강되고 1915년 일본인들이 무너진 부분에 콘크리트를 덧씌운 상태로 전해졌다. 
 남아있던 6층까지의 높이는 약 14.2m이고 상·하 이층으로 구성된 기단의 전체 폭은 약 12.5m이다. 1층은 각 면이 3칸으로 구성되고 가운데 칸에는 문을 내달아 계단을 통해 사방으로 통하게 하였다. 기둥석은 아래가 넓고 위가 좁은 민흘림기법과 양 끝 모서리를 약간 높인 귀솟음기법이 반영되어 있다. 기둥석 하부에는 목조건물에서처럼 별도의 초석이 있고 기둥과 기둥을 연결하는 상ㆍ하 인방석(引枋石)과 기둥 상부에 평방석(平枋石), 포벽석(包壁石) 등이 구성되었다. 옥개부(屋蓋部)는 목조건물의 지붕처럼 모서리 끝이 살짝 치켜 올라가고 가운데가 오목하게 들어가는 부드러운 곡선을 이루고 있다.    
 한편 석탑의 1층 내부에는 ‘十’자형 공간이 조성되어 동서남북 네 방향에서 출입이 가능하며, 탑의 중심에는 여러 개의 사각형 돌을 수직으로 쌓아올린 기둥(심주)이 4층까지 연속된다. 이러한 모습은 다른 석탑에서는 찾아볼 수 없는 특징이며, 2009년 1층의 첫 번째 심주석에서 발견된 사리봉영기(舍利奉迎記)의 기록을 통해 639년이라는 석탑의 건립연대가 명확하게 밝혀졌다.  
 석탑은 1998년 구조안전진단 결과에 따라 이듬해 해체수리가 결정되었고 2001년 해체조사에 착수하여 2017년 조립공정이 완료되었다. 익산 미륵사지 석탑은 고대의 목탑에서 석탑으로 변화되는 과정을 충실하게 잘 보여준다. 또한 고대건축의 실제 사례로써 역사적 가치가 매우 높아 우리나라 불탑건축 연구에서 대단히 중요한 문화유산이다.",http://www.cha.go.kr/unisearch/images/national_treasure/2021030208225900.jpg
11,00120000,36,구례 화엄사 각황전 앞 석등,"전남 구례군 마산면 화엄사로 539, 화엄사 (황전리) / (지번)전남 구례군 마산면 황전리 12 화엄사",통일신라시대,"화엄사 각황전 앞에 세워진 이 석등은 전체 높이 6.4m로 한국에서 가장 커다란 규모이다. 석등은 부처의 광명을 상징한다 하여 광명등(光明燈)이라고도 하는데, 대개 사찰의 대웅전이나 탑과 같은 중요한 건축물 앞에 배치된다. 불을 밝혀두는 화사석(火舍石)을 중심으로, 아래로는 3단의 받침돌을 두고, 위로는 지붕돌을 올린 후 꼭대기에 머리장식을 얹어 마무리한다. 
 8각 바닥돌 위의 아래받침돌에는 엎어놓은 연꽃무늬를 큼직하게 조각해 놓았고, 그 위로는 장고 모양의 가운데 기둥을 세워두었다. 장고 모양의 특이한 기둥형태는 통일신라시대 후기에 유행했던 것으로, 이 석등은 그 중에서도 가장 전형적인 형태를 보이고 있다. 기둥 위로는 솟은 연꽃무늬를 조각한 윗받침돌을 두어 화사석을 받치도록 하였다. 8각으로 이루어진 화사석은 불빛이 퍼져나오도록 4개의 창을 뚫어 놓았다. 큼직한 귀꽃이 눈에 띄는 8각의 지붕돌 위로는 머리 장식이 온전하게 남아있어 전체적인 완성미를 더해준다.
 이 석등은 통일신라 헌안왕 4년(860)에서 경문왕 13년(873) 사이에 세워졌을 것으로 추정되며, 석등 뒤에 세워진 각황전의 위용과 좋은 조화를 보여준다. 약간의 둔중한 감이 느껴지긴 하지만 활짝 핀 연꽃조각의 소박미와 화사석·지붕돌 등에서 보여주는 웅건한 조각미를 간직한 통일신라시대의 대표적 작품이다.",http://www.cha.go.kr/unisearch/images/national_treasure/1612398.jpg
11,00130000,36,강진 무위사 극락보전,"전남 강진군 성전면 무위사로 308, 무위사 (월하리) / (지번)전남 강진군 성전면 월하리 1174 무위사",조선 세종 12년(1430),"무위사는 신라 진평왕 39년(617)에 원효대사가 관음사라는 이름으로 처음 지은 절로, 여러 차례에 걸쳐 보수공사가 진행되면서 이름도 무위사로 바뀌게 되었다.
 이 절에서 가장 오래된 건물인 극락보전은 세종 12년(1430)에 지었으며, 앞면 3칸·옆면 3칸 크기이다. 지붕은 옆면에서 볼 때 사람 인(人)자 모양인 맞배지붕으로, 지붕 처마를 받치기 위해 장식하여 짜은 구조가 기둥 위에만 있으며 간결하면서도 아름다운 조각이 매우 세련된 기법을 보여주고 있다.
 극락보전 안에는 아미타삼존불과 29점의 벽화가 있었지만, 지금은 불상 뒤에 큰 그림 하나만 남아 있고 나머지 28점은 전시관에 보관하고 있다. 이 벽화들에는 전설이 전하는데, 극락전이 완성되고 난 뒤 한 노인이 나타나서는 49일 동안 이 법당 안을 들여보지 말라고 당부한 뒤에 법당으로 들어갔다고 한다. 49일째 되는 날, 절의 주지스님이 약속을 어기고 문에 구멍을 뚫고 몰래 들여다 보자, 마지막 그림인 관음보살의 눈동자를 그리고 있던 한 마리의 파랑새가 입에 붓을 물고는 어디론가 날아가 버렸다고 한다. 그래서인지, 지금도 그림속 관음보살의 눈동자가 없다.
 이 건물은 곡선재료를 많이 쓰던 고려 후기의 건축에 비해, 직선재료를 사용하여 간결하면서 짜임새의 균형을 잘 이루고 있어 조선 초기의 양식을 뛰어나게 갖추고 있는 건물로 주목 받고 있다.",http://www.cha.go.kr/unisearch/images/national_treasure/1612406.jpg
11,00140000,37,영천 거조사 영산전,"경북 영천시 청통면 거조길 400-67, 은해사 거조암 (신원리)",고려시대 말기/조선시대 초기,"은해사는 통일신라 헌덕왕 1년(809) 혜철국사가 지은 절로 처음에는 해안사라 하였다고 하며 여러 차례 있었던 화재로 많은 건물을 다시 지었는데, 지금 있는 건물들의 대부분은 근래에 세운 것들이다.
 거조사는 은해사 보다 먼저 지었지만, 근래에 와서 은해사에 속하는 암자가 되어 거조암이라 부르게 되었다. 돌계단을 오르는 비교적 높은 기단 위에 소박하고 간결하게 지은 영산전은 거조암의 중심 건물이다. 고려 우왕 원년(1375)에 처음 지었으며, 석가모니불상과 526분의 석조나한상을 모시고 있다.
 앞면 7칸·옆면 3칸 크기의 규모이며, 지붕은 옆면에서 보았을 때 사람 인(人)자 모양인 맞배지붕으로 꾸몄다. 지붕 처마를 받치기 위해 장식하여 짜은 구조를 기둥 위부분에만 설치한 주심포 양식이다. 특히 영산전은 고려말·조선초 주심포 양식의 형태를 충실하게 보여주고 있어 매우 중요한 문화유산으로 평가받고 있다.",http://www.cha.go.kr/unisearch/images/national_treasure/1612612.jpg
11,00150000,37,안동 봉정사 극락전,"경북 안동시 서후면 봉정사길 222, 봉정사 (태장리)",고려시대 후기,"봉정사(鳳停寺)는 672년(신라 문무왕 12) 능인대사(能仁大師)에 의하여 창건되었다는 전설이 전하는데,<극락전 중수상량문>등 발견된 구체적인 자료를 통해 보면 7세기 후반 능인대사에 의해 창건된 것으로 추정된다. 
극락전은 원래 대장전이라고 불렀으나 뒤에 이름을 바꾸었다고 한다. 1972년 보수공사때 고려 공민왕 12년(1363)에 지붕을 크게 수리하였다는 기록이 담긴 상량문을 발견하였는데, 우리 전통 목조건물은 신축후 지붕을 크게 수리하기까지 통상적으로 100~150년이 지나야 하므로 건립연대를 1200년대 초로 추정할 수 있어 우리나라에서 가장 오래된 목조 건물로 보고 있다. 
앞면 3칸·옆면 4칸 크기에, 지붕은 옆면에서 볼 때 사람 인(人)자 모양을 한 맞배지붕으로 꾸몄다. 기둥은 배흘림 형태이며, 처마 내밀기를 길게하기 위해 기둥위에 올린 공포가 기둥 위에만 있는 주심포 양식이다. 건물 안쪽 가운데에는 불상을 모셔놓고 그 위로 불상을 더욱 엄숙하게 꾸미는 화려한 닫집을 만들었다. 또한 불상을 모신 불단의 옆면에는 고려 중기 도자기 무늬와 같은 덩굴무늬를 새겨 놓았다. 
봉정사 극락전은 통일신라시대 건축양식을 본받고 있다.",http://www.cha.go.kr/unisearch/images/national_treasure/1612623.jpg
11,00160000,37,안동 법흥사지 칠층전탑,경북 안동시 법흥동 8-1번지,통일신라시대 8세기,"전탑(塼塔)이란 흙으로 만든 벽돌을 이용하여 쌓아 올린 탑으로 통일신라시대에 창건된 법흥사에 속해있던 탑으로 추정된다.
 탑은 1단의 기단(基壇)위로 7층의 탑신(塔身)을 착실히 쌓아올린 모습이다. 기단의 각 면에는 화강암으로 조각된 8부중상(八部衆像)과 사천왕상(四天王像)을 세워놓았고, 기단 남쪽 면에는 계단을 설치하여 1층 몸돌에 만들어진 감실(龕室:불상을 모시는 방)을 향하도록 하였다. 탑신은 진한 회색의 무늬없는 벽돌로 쌓아 올렸으며, 지붕돌은 위아래 모두 계단모양의 층단을 이루는 일반적인 전탑양식과는 달리, 윗면에 남아 있는 흔적으로 보아 기와를 얹었던 것으로 보인다.
 기단의 윗면을 시멘트로 발라 놓아 아쉬움을 남기는 이 탑은 7층이나 되는 높은 층수에 높이 17m, 기단너비 7.75m의 거대한 탑임에도 매우 안정된 자태를 유지하고 있으며, 국내에 남아있는 가장 크고 오래된 전탑에 속한다는 점에서 중요한 의의를 가진다. 또한 지붕에 기와를 얹었던 자취가 있는 것으로 보아 목탑을 모방하여 전탑이 만들어졌다는 것을 입증해 주는 자료로 평가되고 있다.",http://www.cha.go.kr/unisearch/images/national_treasure/1612633.jpg
11,00170000,37,영주 부석사 무량수전 앞 석등,"경상북도 영주시 부석사로 345 (부석면, 부석사)",통일신라시대,"부석사 무량수전 앞에 세워져 있는 통일신라시대의 석등으로 부처의 광명을 상징한다 하여 광명등(光明燈)이라고도 하며, 대개 대웅전이나 탑과 같은 중요한 건축물 앞에 세워진다. 불을 밝혀두는 화사석(火舍石)을 중심으로, 아래로는 3단의 받침돌을 두고, 위로는 지붕돌을 올린 후 꼭대기에 머리장식을 얹어 마무리한다. 
 4각 바닥돌은 옆면에 무늬를 새겨 꾸몄으며, 그 위의 아래받침돌은 큼직한 연꽃 조각을 얹어 가운데기둥을 받치고 있다. 전형적인 8각 기둥형태인 이 기둥은 굵기나 높이에서 아름다운 비례를 보이는데, 위로는 연꽃무늬를 조각해 놓은 윗받침돌을 얹어놓았다. 8각의 화사석은 불빛이 퍼져 나오도록 4개의 창을 두었고, 나머지 4면에는 세련된 모습의 보살상을 새겨놓았다. 지붕돌도 역시 8각인데, 모서리 끝이 가볍게 들려있어 경쾌해 보인다. 꼭대기에는 머리장식을 얹었던 받침돌만이 남아있다.
 통일신라시대를 대표하는 가장 아름다운 석등으로, 비례의 조화가 아름답고, 화려하면서도 단아한 멋을 지니고 있다. 특히, 화사석 4면에 새겨진 보살상 조각의 정교함은 이 석등을 더욱 돋보이게 한다.",http://www.cha.go.kr/unisearch/images/national_treasure/1612638.jpg
11,00180000,37,영주 부석사 무량수전,"경상북도 영주시 부석사로 345 (부석면, 부석사)",고려시대 중기,"봉황산 중턱에 있는 부석사는 신라 문무왕 16년(676)에 의상대사가 왕명을 받들어 화엄의 큰 가르침을 펴던 곳이다. 무량수전 뒤에는 ‘부석(浮石)’이라고 새겨져 있는 바위가 있는데, 『송고승전』에 있는 설화를 보면, 의상대사가 당나라에서 유학을 마치고 귀국할 때 그를 흠모한 여인 선묘가 용으로 변해 이곳까지 따라와서 줄곧 의상대사를 보호하면서 절을 지을 수 있게 도왔다고 한다. 이곳에 숨어 있던 도적떼를 선묘가 바위로 변해 날려 물리친 후 무량수전 뒤에 내려 앉았다고 전한다.  무량수전은 부석사의 중심건물로 극락정토를 상징하는 아미타여래불상을 모시고 있다. 신라 문무왕(재위 661∼681) 때 짓고, 공민왕 7년(1358)에 불에 타 버렸다. 지금 있는 건물은 고려 우왕 2년(1376)에 다시 짓고 광해군 때 새로 단청한 것으로, 1916년에 해체·수리 공사를 하였다.
 규모는 앞면 5칸·옆면 3칸으로 지붕은 옆면이 여덟 팔(八)자 모양인 팔작지붕으로 꾸몄다. 지붕 처마를 받치기 위해 장식한 구조를 간결한 형태로 기둥 위에만 짜올린 주심포 양식이다. 특히 세부 수법이 후세의 건물에서 볼 수 있는 장식적인 요소가 적어 주심포 양식의 기본 수법을 가장 잘 남기고 있는 대표적인 건물로 평가 받고 있다. 건물 안에는 다른 불전과 달리 불전의 옆면에 불상을 모시고 있는 것이 특징이다.
 무량수전은 우리 나라에 남아 있는 목조 건물 중 안동 봉정사 극락전(국보)과 더불어 오래된 건물로서 고대 사찰건축의 구조를 연구하는데 매우 중요한 건물이 되고 있다.",http://www.cha.go.kr/unisearch/images/national_treasure/1612647.jpg
11,00190000,37,영주 부석사 조사당,경북 영주시 부석면 부석사로 345 (북지리),고려시대 후기,"봉황산 중턱에 있는 부석사는 신라 문무왕 16년(676)에 의상대사가 왕명을 받들어 화엄의 큰 가르침을 펴던 곳이다.  무량수전 뒤에는 ‘부석(浮石)’이라고 새겨져 있는 바위가 있는데, 『송고승전』에 있는 설화를 보면, 의상대사가 당나라에서 유학을 마치고 귀국할 때 그를 흠모한 여인 선묘가 용으로 변해 이곳까지 따라와서 줄곧 의상대사를 보호하면서 절을 지을 수 있게 도왔다고 한다. 이곳에 숨어 있던 도적떼를 선묘가 바위로 변해 날려 물리친 후 무량수전 뒤에 내려 앉았다고 전한다. 또한 조사당 앞 동쪽 처마 아래에서 자라고 있는 나무는 의상대사가 꽂은 지팡이였다는 전설도 있다.
 조사당은 의상대사의 초상을 모시고 있는 곳으로 고려 우왕 3년(1377)에 세웠고, 조선 성종 21년(1490)과 성종 24년(1493)에 다시 고쳤다.
 앞면 3칸·옆면 1칸 크기로, 지붕은 옆면에서 볼 때 사람 인(人)자 모양을 한 맞배지붕으로 꾸몄다. 처마 내밀기를 길게하기 위해 올린 공포가 기둥 위에만 있는 주심포 양식이며, 건물 자체가 작은 크기이기 때문에 세부양식이 경내에 있는 영주 부석사 무량수전(국보)보다 간결하다. 앞면 가운데 칸에는 출입문을 두었고 좌우로는 빛을 받아들이기 위한 광창을 설치해 놓았다. 
 건물 안쪽의 좌우에는 사천왕상·보살상 등 고려 후기에 그려진 벽화가 있었다. 이것들은 고려시대 회화 가운데 매우 희귀한 것으로, 고분벽화를 제외하면 가장 오래된 채색 그림 중 하나였다. 지금은 부석사 성보박물관에 보관하고 있으며, 원래 벽화가 있던 자리에는 본떠 그린 그림을 놓아 당시 벽화의 모습을 잘 전해주고 있다.",http://www.cha.go.kr/unisearch/images/national_treasure/1612661.jpg
11,00200000,37,경주 불국사 다보탑,"경북 경주시 불국로 385, 불국사 (진현동)",통일신라시대 8세기,"불국사는 통일신라 경덕왕 10년(751) 김대성의 발원에 의해 창건된 사찰로, 과거·현재·미래의 부처가 사는 정토(淨土), 즉 이상향을 구현하고자 했던 신라인들의 정신세계가 잘 드러나 있는 곳이다.『삼국유사』에는 김대성이 전생의 부모를 위해서 석굴암을, 현생의 부모를 위해서 불국사를 지었다고 전해진다. 그러나 그가 목숨을 다할 때까지 짓지 못하여 그 후 나라에서 완성하여 나라의 복을 비는 절로 삼게 되었다.
 다보탑과 석가탑(경주 불국사 삼층석탑, 국보)은 우리나라의 가장 대표적인 석탑으로, 높이도 10.29m, 10.75m로 비슷하다. 절내의 대웅전과 자하문 사이의 뜰 동서쪽에 마주 보고 서 있는데, 동쪽탑이 다보탑이다. 다보탑은 특수형 탑을, 석가탑은 우리나라 일반형 석탑을 대표한다고 할 수 있다. 두 탑을 같은 위치에 세운 이유는 ‘과거의 부처’인 다보불(多寶佛)이 ‘현재의 부처’인 석가여래가 설법할 때 옆에서 옳다고 증명한다는『법화경』의 내용을 눈으로 직접 볼 수 있게 탑으로 구현하고자 하기 위함이다. 
 석가탑을 보면 2단의 기단(基壇)위에 세운 3층탑이라는 것을 쉽게 알 수 있지만, 다보탑은 그 층수를 헤아리기가 어렵다. 십(十)자 모양 평면의 기단에는 사방에 돌계단을 마련하고, 8각형의 탑신과 그 주위로는 네모난 난간을 돌렸다.
 탑이 건립된 시기는 불국사가 창건된 통일신라 경덕왕 10년(751)으로 추측된다. 목조건축의 복잡한 구조를 참신한 발상을 통해 산만하지 않게 표현한 뛰어난 작품으로, 4각, 8각, 원을 한 탑에서 짜임새있게 구성한 점, 각 부분의 길이·너비·두께를 일정하게 통일시킨 점 등은 8세기 통일신라 미술의 정수를 보여주고 있다. 
 안타깝게도 다보탑에는 일제에 나라를 빼앗겼던 설움이 고스란히 전해져 온다. 1925년경에 일본인들이 탑을 완전히 해체, 보수하였는데, 이에 관한 기록이 전혀 남아 있지 않다. 또한 탑 속에 두었을 사리와 사리장치, 그 밖의 유물들이 이 과정에서 모두 사라져버려 그 행방을 알 수 없게 되었다. 그리고 기단의 돌계단 위에 놓여있던 네 마리의 돌사자 가운데 3마리가 일제에 의해 약탈되어, 이를 되찾기 위한 노력이 오래전부터 있었으나 아직까지 그 행방을 알 수가 없으며, 현재 1마리의 돌사자가 남아있다.",http://www.cha.go.kr/unisearch/images/national_treasure/1612673.jpg
11,00210000,37,경주 불국사 삼층석탑,"경북 경주시 불국로 385, 불국사 (진현동)",통일신라시대 8세기,"불국사는 통일신라 경덕왕 10년(751) 김대성의 발원에 의해 창건된 사찰로, 과거·현재·미래의 부처가 사는 정토(淨土), 즉 이상향을 구현하고자 했던 신라인들의 정신세계가 잘 드러나 있는 곳이다. 『삼국유사』에는 김대성이 전생의 부모를 위해서 석굴암을, 현생의 부모를 위해서 불국사를 지었다고 전해진다. 그러나 혜공왕 10년(774) 12월 그가 목숨을 다할 때까지 짓지 못하여, 그 후 나라에서 완성한 후 나라의 복을 비는 절로 삼게 되었다.
 경주 불국사 삼층석탑과 경주 불국사 다보탑(국보)은 절의 대웅전 앞 뜰 동서쪽에 각각 세워져 있는데, 서쪽탑이 삼층석탑이다. 탑의 원래 이름은 ‘석가여래상주설법탑(釋迦如來常住設法塔)’으로, ‘석가탑’이라고 줄여서 부른다. 두 탑을 같은 위치에 세운 이유는 ‘현재의 부처’인 석가여래가 설법하는 것을 ‘과거의 부처’인 다보불(多寶佛)이 옆에서 옳다고 증명한다는『법화경』의 내용에 따른 것이다. 석가탑(경주 불국사 삼층석탑)과 다보탑은 우리나라의 가장 대표적인 석탑으로, 높이도 각 10.75m, 10.29m로 비슷하다
  탑은 불국사가 창건된 통일신라 경덕왕 10년(751)때 조성된 것으로 추측되며, 2단의 기단(基壇) 위에 3층의 탑신(塔身)을 세운 석탑으로, 경주 감은사지 동ㆍ서 삼층석탑(국보)과 경주 고선사지 삼층석탑(국보)의 양식을 이어받은 8세기 통일신라시대의 훌륭한 작품이다.
 탑 전체의 무게를 지탱할 수 있도록 2층의 기단이 튼실하게 짜여 있으며, 목조건축을 본따서 위·아래층 기단의 모서리마다 돌을 깎아 기둥 모양을 만들어 놓았다. 탑신에도 그러한 기둥을 새겼으며, 지붕돌의 모서리들은 모두 치켜올려져 있어서 탑 전체에 경쾌하게 날아오르는 듯한 느낌을 더한다.
 1966년 9월에는 안타깝게도 도굴꾼들에 의해 탑이 손상되는 일이 있었으며, 그해 12월 탑을 수리하면서 2층 탑신의 몸돌 앞면에서 부처님의 사리를 모시던 사각형의 공간을 발견하게 되었다. 여기서 여러가지 사리용기들과 유물을 찾아냈는데, 그 중에서 특히 눈길을 끄는 것은 『무구정광대다라니경(無垢淨光大陀羅尼經)』(국보)이다. 이것은 세계에서 가장 오래된 목판인쇄물로 닥나무 종이로 만들어졌다.
 탑의 머리장식(상륜부)은 16세기 이전에 유실된 것으로 추정되는데, 1973년 남원 실상사 동ㆍ서 삼층석탑(보물)의 머리장식을 본따서 복원하였다. 탑 주위로 둘러놓은 주춧돌 모양의 돌에는 연꽃무늬를 새겼는데, 이를 부처님의 사리를 두는 깨끗한 곳이라는 뜻으로 해석하기도 한다.
 이 탑은 ‘무영탑(無影塔:그림자가 비치지 않는 탑)’이라고도 불리우는데, 여기에는 석가탑을 지은 백제의 석공(石工) 아사달을 찾아 신라의 서울 서라벌에 온 아사녀가 남편을 만나보지도 못한 채 연못에 몸을 던져야 했던 슬픈 전설이 서려 있다.",http://www.cha.go.kr/unisearch/images/national_treasure/1612682.jpg
11,00220000,37,경주 불국사 연화교 및 칠보교,"경북 경주시 불국로 385, 불국사 (진현동)",통일신라시대,"불국사의 예배공간인 대웅전과 극락전에 오르는 길은 동쪽의 청운교와 백운교, 서쪽의 연화교와 칠보교가 있다. 연화교와 칠보교는 극락전으로 향하는 안양문과 연결된 다리로, 세속 사람들이 밟는 다리가 아니라, 서방 극락세계의 깨달은 사람만이 오르내리던 다리라고 전해지고 있다.
 전체 18계단으로, 밑에는 10단의 연화교가 있고 위에는 8단의 칠보교가 놓여있다. 청운교 ·백운교보다 규모가 작을 뿐 구조나 구성형식 등이 매우 비슷한데, 계단을 다리형식으로 특이하게 구성한 점, 다리 아래가 무지개 모양을 그리고 있는 것이 그 예이다. 비슷한 구성 속에도 이 다리만의 독특한 특징이 있는데, 그것은 연화교의 층계마다 연꽃잎을 도드라지게 새겨놓았다는 점이다. 안타깝게도 오랜 세월동안 스쳐간 사람들의 발자국 탓에 많이 닳아서인지 조각이 희미해져 있어, 지금은 통행을 금지하고 있다. 
 통일신라 경덕왕 10년(751)에 세워진 것으로 보이며, 창건 당시부터 많은 사람들이 이 다리를 오르내리며 극락왕생을 기원하였고, 비구니가 된 신라 헌강왕비도 이곳을 오가며 왕의 극락왕생을 빌었다고 전해진다. 동쪽의 청운교와 백운교가 웅장한 멋을 보여주는데 비해, 섬세한 아름다움을 내보이고 있어, 불국사의 조형에 조화와 변화를 보여주고 있다.",http://www.cha.go.kr/unisearch/images/national_treasure/1612691.jpg
11,00230000,37,경주 불국사 청운교 및 백운교,"경북 경주시 불국로 385, 불국사 (진현동)",통일신라시대,"불국사의 예배공간인 대웅전과 극락전에 오르는 길은 동쪽의 청운교와 백운교, 서쪽의 연화교와 칠보교가 있다. 청운교와 백운교는 대웅전을 향하는 자하문과 연결된 다리를 말하는데, 다리 아래의 일반인의 세계와 다리 위로의 부처의 세계를 이어주는 상징적인 의미를 지닌다.
 전체 34계단으로 되어 있는 위로는 16단의 청운교가 있고 아래로는 18단의 백운교가 있다. 청운교(靑雲橋)를 푸른 청년의 모습으로, 백운교(白雲橋)를 흰머리 노인의 모습으로 빗대어 놓아 인생을 상징하기도 한다.
 계단을 다리형식으로 정교하게 다듬어 만든 특이한 구조를 하고있다. 다리 아래는 무지개 모양으로 이루어져 있어서 직선으로 딱딱해졌던 시선을 부드럽고 생동감있게 풀어주고 있다. 다리가 있는 석축 아래쪽으로 연못이 있었다고 전하는데, 지금도 계단 왼쪽에 물이 떨어지도록 만들어 놓은 장치가 남아 있다. 이곳에서 물이 떨어지면 폭포처럼 부서지는 물보라에 의해 무지개가 떴다고 전하고 있어, 무척이나 아름다웠을 옛 불국사를 그려보게 된다.
 통일신라 경덕왕 10년(751)에 세워진 것으로 보이며, 당시 다리로는 유일하게 완전한 형태로 남아있는 매우 귀중한 유물이다. 또한, 무지개모양으로 이루어진 다리 아래부분은 우리나라 석교나 성문에서 보여지는 반원아치모양의 홍예교의 시작점을 보여주고 있어 중요한 자료가 되고 있다.",http://www.cha.go.kr/unisearch/images/national_treasure/1612696.jpg
11,00240000,37,경주 석굴암 석굴,"경북 경주시 불국로 873-243, 석굴암 (진현동)",통일신라시대,"석굴암은 신라 경덕왕 10년(751)에 당시 대상이었던 김대성이 창건을 시작하여 혜공왕 10년(774)에 완성하였으며, 건립 당시에는 석불사라고 불렀다. 경덕왕은 신라 중기의 임금으로 그의 재위기간(742∼765) 동안 신라의 불교예술이 전성기를 이루게 되는데, 석굴암 외에도 불국사, 다보탑, 삼층석탑, 황룡사종 등 많은 문화유산들이 이때 만들어졌다. 
 토함산 중턱에 백색의 화강암을 이용하여 인위적으로 석굴을 만들고, 내부공간에 본존불인 석가여래불상을 중심으로 그 주위 벽면에 보살상 및 제자상과 역사상, 천왕상 등 총 40구의 불상을 조각했으나 지금은 38구만이 남아있다.
 석굴암 석굴의 구조는 입구인 직사각형의 전실(前室)과 원형의 주실(主室)이 복도 역할을 하는 통로로 연결되어 있으며, 360여 개의 넓적한 돌로 원형 주실의 천장을 교묘하게 구축한 건축 기법은 세계에 유례가 없는 뛰어난 기술이다. 
 석굴암 석굴의 입구에 해당하는 전실에는 좌우로 4구(軀)씩 팔부신장상을 두고 있고, 통로 좌우 입구에는 금강역사상을 조각하였으며, 좁은 통로에는 좌우로 2구씩 동서남북 사방을 수호하는 사천왕상을 조각하였다. 원형의 주실 입구에는 좌우로 8각의 돌기둥을 세우고, 주실 안에는 본존불이 중심에서 약간 뒤쪽에 안치되어 있다. 주실의 벽면에는 입구에서부터 천부상 2구, 보살상 2구, 나한상 10구가 채워지고, 본존불 뒷면 둥근 벽에는 석굴 안에서 가장 정교하게 조각된 십일면관음보살상이 서 있다. 
 원숙한 조각 기법과 사실적인 표현으로 완벽하게 형상화된 본존불, 얼굴과 온몸이 화려하게 조각된 십일면관음보살상, 용맹스런 인왕상, 위엄있는 모습의 사천왕상, 유연하고 우아한 모습의 각종 보살상, 저마다 개성있는 표현을 하고 있는 나한상 등 이곳에 만들어진 모든 조각품들은 동아시아 불교조각에서 최고의 걸작품으로 손색이 없다. 특히 주실 안에 모시고 있는 본존불의 고요한 모습은 석굴 전체에서 풍기는 은밀한 분위기 속에서 신비로움의 깊이를 더해주고 있다. 지극히 자연스러운 모습의 본존불은 내면에 깊고 숭고한 마음을 간직한 가장 이상적인 모습으로 모든 중생들에게 자비로움이 저절로 전해질 듯 하다.  
 석굴암 석굴은 신라 불교예술의 전성기에 이룩된 최고 걸작으로 건축, 수리, 기하학, 종교, 예술 등이 유기적으로 결합되어 있어 더욱 돋보인다. 석굴암 석굴은 국보로 지정되어 관리되고 있으며, 석굴암은 1995년 12월 불국사와 함께 유네스코 세계문화유산으로 공동 등재되었다. 
한편, 현재 석굴암은 내부 전면 공개 관람 시 항온항습 등의 문제가 우려되어 1976년부터 유리벽을 통한 외부관람을 실시하고 있다.",http://www.cha.go.kr/unisearch/images/national_treasure/1612705.jpg
11,00250000,37,경주 태종무열왕릉비,경북 경주시 서악동 844-1번지 / (도로명)경주시 대경로 4859,통일신라시대 초기,"신라 제29대 왕인 태종무열왕의 능 앞에 세워진 석비이다. 통일신라시대에 세워졌던 비(碑)들은 중국 당나라의 영향을 받아 받침돌은 거북 모양을 하고 있고, 비몸위의 머릿돌에는 용의 모습을 새겨져 있는데, 태종무열왕릉비는 이러한 양식이 나타난 그 최초의 예가 되고 있다. 
 비각안에 모셔져 있는 비는 현재 비몸이 없어진 채 거북받침돌위로 머릿돌만이 얹혀져 있다. 거북은 목을 높이 쳐들고 발을 기운차게 뻗으며 앞으로 나아가고 있는 모습으로, 등에는 큼직한 벌집 모양의 육각형을 새긴 후, 등 중앙에 마련된 비좌(碑座:비몸을 꽂아두는 네모난 홈) 주위로 연꽃조각을 두어 장식하였다. 머릿돌 좌우에는 6마리의 용이 3마리씩 뒤엉켜 여의주를 받들고 있으며, 앞면 중앙에  ‘태종무열대왕지비(太宗武烈大王之碑)’라고 새겨 놓아 비의 주인공을 밝히고 있다.
 통일신라 문무왕 원년(661)에 건립되었으며, 명필가로 유명했던 무열왕의 둘째 아들 김인문의 글씨로 비문을 새겨 놓았다. 표현이 사실적이고 생동감이 있어 마치 살아 움직이는 듯한 강한 인상을 주며, 삼국통일을 이룩한 신라인들의 진취적 기상을 느낄 수 있다. 우리나라 뿐만 아니라 동양권에서도 가장 뛰어난 걸작이라 일컬어지는 작품으로, 능숙하게 빚어낸 기법에서 당시 석조 조각의 발달상을 엿볼 수 있다.",http://www.cha.go.kr/unisearch/images/national_treasure/1612731.jpg
11,00260000,37,경주 불국사 금동비로자나불좌상,경북 경주시 진현동 15번지 불국사,통일신라 경덕왕 8년(750),"경주시 토함산 기슭에 자리잡은 불국사는 통일신라 경덕왕 10년(751) 김대성의 발원에 의해 창건된 사찰로, 『삼국유사』에 의하면 김대성은 현세의 부모를 위해 불국사를, 전생의 부모를 위해 석굴암 석굴을 창건하였다고 한다. 불국사 비로전에 모셔져 있는 높이 1.77m의 이 불상은 진리의 세계를 두루 통솔한다는 의미를 지닌 비로자나불을 형상화한 것이다.
 머리에는 머리칼을 작은 소라 모양으로 표현하였으며, 얼굴은 위엄이 있으면서도 자비로운 인상을 풍기고 있다. 왼쪽 어깨에만 걸쳐 입은 옷은 매우 얇게 표현되어 있다. 자연스럽게 흘러내리고 있는 옷주름의 표현은 매우 사실적이다. 손모양은 오른손 검지를 왼손으로 감싸고 있어 비로자나불이 취하는 일반적인 손모양과는 반대로 표현되었다.
 이 불상은 양감과 적절한 신체비례 등에서 이상적이면서 세련된 통일신라시대 불상의 모습을 엿볼 수 있으며, 국보로 지정된 경주 불국사 금동아미타여래좌상, 경주 백률사 금동약사여래입상과 함께 통일신라 3대 금동불상으로 불린다.",http://www.cha.go.kr/unisearch/images/national_treasure/1612738.jpg
11,00270000,37,경주 불국사 금동아미타여래좌상,경상북도 경주시 진현동 15-0 불국사,통일신라시대,"경주시 토함산 기슭에 자리잡은 불국사는 통일신라 경덕왕 10년(751) 김대성의 발원에 의해 창건된 사찰로, 『삼국유사』에 의하면 김대성은 현세의 부모를 위해 불국사를, 전생의 부모를 위해 석굴암 석굴을 창건하였다고 한다. 금동아미타여래좌상은 불국사 극락전에 모셔진 높이 1.66m의 불상이다.
 머리에는 작은 소라 모양의 머리칼을 기교있게 붙여 놓았으며, 정수리 부근에는 상투 모양의 머리(육계)가 큼직하게 솟아 있다. 원만하고 자비스러운 얼굴은 정면을 향하고 있으며, 눈썹은 반원형이고 콧날은 오똑하다. 신체 표현은 장중하여 건장한 남성의 체구를 연상시키며, 두 무릎은 넓게 퍼져서 매우 안정된 느낌을 준다. 오른쪽 어깨를 드러내고 왼쪽 어깨에만 걸쳐 입은 옷에는 거침없는 주름이 새겨져 있는데, 특히 옷깃 안쪽에서 밖으로 늘어지는 옷 접힘은 매우 사실적으로 표현되었다. 어깨 높이로 들어 약간 오므린 왼손은 손바닥을 보이고 있으며, 오른손은 무릎에 올려 놓고 엄지와 가운데 손가락을 약간 구부리고 있다.
 떡 벌어진 어깨, 양감있는 당당한 가슴, 잘록한 허리 등에서 사실적이면서 세련된 통일신라시대 불상의 모습을 엿볼 수 있으며, 국보로 지정된 경주 불국사 금동비로자나불좌상, 경주 백률사 금동약사여래입과과 함께 통일신라 3대 금동불상으로 불린다.",http://www.cha.go.kr/unisearch/images/national_treasure/1612740.jpg
11,00280000,37,경주 백률사 금동약사여래입상,"경북 경주시 일정로 186, 국립경주박물관 (인왕동,국립경주박물관)",통일신라시대 8세기,"경주시 북쪽 소금강산의 백률사에 있던 것을 1930년에 국립경주박물관으로 옮겨 놓은 것이며, 전체 높이 1.77m의 서 있는 불상으로 모든 중생의 질병을 고쳐준다는 약사불을 형상화한 것이다.
 머리는 신체에 비해 크지 않은 편이며, 둥근 얼굴·긴 눈썹·가는 눈·오똑한 코·작은 입 등에서는 우아한 인상을 풍기고 있지만, 8세기 중엽의 이상적인 부처의 얼굴에 비해 긴장과 탄력이 줄어든 모습이다. 커다란 체구에 비해 어깨는 약간 빈약하게 처리된 느낌이지만 어깨의 굴곡은 신체에 밀착된 옷을 통해 잘 드러나고 있다. 양 어깨를 감싸고 입은 옷은 두 팔에 걸쳐 흘러내리고 있으며 앞가슴에는 치마의 매듭이 보인다. 앞면에는 U자형의 주름을 연속적인 선으로 그리고 있는데 조금은 도식적으로 표현되어 있다. 신체는 아래로 내려갈수록 중후해지며 옷자락들도 무거워 보이는데, 이것은 상체를 뒤로 젖힘으로 인해 자연스럽게 솟아오른 단전과 더불어 불상의 특징을 잘 보여주고 있다.  두 손은 없어졌으나 손목의 위치와 방향으로 보아 오른손은 위로 들어 손바닥을 보이고, 왼손에는 약그릇이나 구슬을 들고 있었던 것으로 보인다.
 다소 평면적인 느낌을 주지만 신체의 적절한 비례와 조형기법이 우수하여 국보로 지정된 경주 불국사 금동비로자나불좌상, 경주 불국사 금동아미타여래좌상과 함께 통일신라시대의 3대 금동불상으로 불린다.",http://www.cha.go.kr/unisearch/images/national_treasure/1612742.jpg
11,00290000,37,성덕대왕신종,"경북 경주시 일정로 186, 국립경주박물관 (인왕동,국립경주박물관)",통일신라 혜공왕 7년(771),"우리나라에 남아있는 가장 큰 종으로 상원사 동종(국보), 청주 운천동 출토 동종(보물)과 더불어 우리나라에 남아있는 완전한 형태의 통일신라시대 범종 3구 중 하나이다. 높이 3.66m, 입지름 2.27m, 두께 11∼25㎝이며, 무게는 1997년 국립경주박물관에서 정밀측정한 결과 18.9톤으로 확인되었다.
 신라 경덕왕이 아버지인 성덕왕의 공덕을 널리 알리기 위해 종을 만들려 했으나 뜻을 이루지 못하고, 그 뒤를 이어 혜공왕이 771년에 완성하여 성덕대왕신종이라고 불렀다. 이 종은 처음에 봉덕사에 달았다고 해서 봉덕사종이라고도 하며, 아기를 시주하여 넣었다는 설화로 인해 에밀레종이라고도 불리운다. 
 종의 맨 위에는 소리의 울림을 도와주는 음통(音筒)이 있는데, 이것은 우리나라 동종에서만 찾아볼 수 있는 독특한 구조이다. 종을 매다는 고리 역할을 하는 용뉴는 용머리 모양으로 조각되어 있다. 종 몸체에는 상하에 넓은 띠를 둘러 그 안에 꽃무늬를 새겨 넣었고, 종의 어깨 밑으로는 4곳에 연꽃 모양으로 돌출된 9개의 연꽃봉우리를 사각형의 연곽(蓮廓)이 둘러싸고 있다. 유곽 아래로 2쌍의 비천상이 있고, 그 사이에는 종을 치는 부분인 당좌가 연꽃 모양으로 마련되어 있으며, 몸체 앞,뒷면 두곳에는 종에 대한 내력이 새겨져 있다. 특히 종 입구 부분이 꽃모양으로 굴곡진 특이한 형태를 하고 있어 이 종의 특징이 되고있다.
 통일신라 예술이 각 분야에 걸쳐 전성기를 이룰 때 만들어진 종으로 화려한 문양과 조각수법은 시대를 대표할 만하다. 또한, 몸통에 남아있는 1,000여자의 명문은 문장뿐 아니라 당시의 종교와 사상을 살펴 볼 수 있는 귀중한 금석문 자료로 평가된다.",http://www.cha.go.kr/unisearch/images/national_treasure/1612744.jpg
11,00300000,37,경주 분황사 모전석탑,"경북 경주시 분황로 94-11, 분황사 (구황동)",신라 선덕여왕 3년(634),"현재 남아있는 신라 석탑 가운데 가장 오래된 걸작품으로, 돌을 벽돌 모양으로 다듬어 쌓아올린 모전석탑(模塼石塔)이다. 원래 9층이었다는 기록이 있으나 지금은 3층만 남아있다.
 탑은 넓직한 1단의 기단(基壇) 위에 3층의 탑신(塔身)을 착실히 쌓아올린 모습이다. 기단은 벽돌이 아닌 자연석으로 이루어져 있고, 네 모퉁이마다 화강암으로 조각된 사자상이 한 마리씩 앉아있다. 회흑색 안산암을 작게 벽돌모양으로 잘라 쌓아올린 탑신은 거대한 1층 몸돌에 비해 2층부터는 현저하게 줄어드는 모습을 보이고 있다. 1층 몸돌에는 네 면마다 문을 만들고, 그 양쪽에 불교의 법을 수호하는 인왕상(仁王像)을 힘찬 모습으로 조각해 놓았다. 지붕돌은 아래윗면 모두 계단 모양의 층을 이루고 있는데, 3층 지붕돌만은 윗면이 네 모서리에서 위쪽으로 둥글게 솟은 모양이며, 그 위로 화강암으로 만든 활짝 핀 연꽃장식이 놓여 있다.
 선덕여왕 3년(634) 분황사의 창건과 함께 건립된 것으로 추측되며, 비슷한 시기에 만들어진 익산 미륵사지 석탑(국보)과도 좋은 대조를 이룬다. 특히, 부드러우면서도 힘차게 표현된 인왕상 조각은 당시 7세기 신라 조각양식을 살피는데 좋은 자료가 되고 있다. 1915년 일본인에 의해 수리된 이후 지금까지 그 모습을 유지하고 있으며, 수리 당시 탑 안에서 사리함과 구슬 등의 많은 유물들이 발견되었다.",http://www.cha.go.kr/unisearch/images/national_treasure/1612748.jpg
11,00310000,37,경주 첨성대,경북 경주시 인왕동 839-1번지,신라시대,"천체의 움직임을 관찰하던 신라시대의 천문관측대로, 받침대 역할을 하는 기단부(基壇部)위에 술병 모양의 원통부(圓筒部)를 올리고 맨 위에 정(井)자형의 정상부(頂上部)를 얹은 모습으로 높이는 약9m이다.
 원통부는 부채꼴 모양의 돌로 27단을 쌓아 올렸으며, 매끄럽게 잘 다듬어진 외부에 비해 내부는 돌의 뒷뿌리가 삐죽삐죽 나와 벽면이 고르지 않다. 남동쪽으로 난 창을 중심으로 아래쪽은 막돌로 채워져 있고 위쪽은 정상까지 뚫려서 속이 비어 있다. 동쪽 절반이 판돌로 막혀있는 정상부는 정(井)자 모양으로 맞물린 길다란 석재의 끝이 바깥까지 뚫고 나와있다. 이런 모습은 19∼20단, 25∼26단에서도 발견되는데 내부에서 사다리를 걸치기에 적당했던 것으로 보인다. 옛 기록에 의하면, “사람이 가운데로 해서 올라가게 되어있다”라고 하였는데, 바깥쪽에 사다리를 놓고 창을 통해 안으로 들어간 후 사다리를 이용해 꼭대기까지 올라가 하늘을 관찰했던 것으로 보인다. 
 천문학은 하늘의 움직임에 따라 농사 시기를 결정할 수 있다는 점에서 농업과 깊은 관계가 있으며, 관측 결과에 따라 국가의 길흉을 점치던 점성술(占星術)이 고대국가에서 중요시되었던 점으로 미루어 보면 정치와도 관련이 깊음을 알 수 있다. 따라서 일찍부터 국가의 큰 관심사가 되었으며, 이는 첨성대 건립의 좋은 배경이 되었을 것으로 여겨진다.
 신라 선덕여왕(재위 632∼647) 때 건립된 것으로 추측되며 동양에서 가장 오래된 천문대로 그 가치가 높으며, 당시의 높은 과학 수준을 보여주는 귀중한 문화유산이라 할 수 있다.",http://www.cha.go.kr/unisearch/images/national_treasure/1612759.jpg
11,00320000,38,합천 해인사 대장경판,"경남 합천군 가야면 해인사길 122, 해인사 (치인리)",고려시대(1237∼1252년간),"대장경은 경(經)·율(律)·논(論)의 삼장(三藏)을 말하며, 불교경전의 총서를 가리킨다. 이 대장경은 고려 고종 24∼35년(1237∼1248)에 걸쳐 간행되었다. 이것은 고려시대에 간행되었다고 해서 고려대장경이라고도 하고, 판수가 8만여 개에 달하고 8만 4천 번뇌에 해당하는 8만 4천 법문을 실었다고 하여 8만대장경이라고도 부른다.
 이것을 만들게 된 동기는 고려 현종 때 새긴 초조대장경이 고종 19년(1232) 몽고의 침입으로 불타 없어지자 다시 대장경을 만들었으며, 그래서 재조대장경이라고도 한다. 몽고군의 침입을 불교의 힘으로 막아보고자 하는 뜻으로 국가적인 차원에서 대장도감이라는 임시기구를 설치하여 새긴 것이다. 새긴 곳은 경상남도 남해에 설치한 분사대장도감에서 담당하였다.
 원래 강화도 성 서문 밖의 대장경판당에 보관되었던 것을 선원사를 거쳐 태조 7년(1398) 5월에 해인사로 옮겨 오늘날까지 이어오고 있다. 현재 해인사 법보전과 수다라장에 보관되어 있는데 일제시대에 조사한 숫자를 보면 81,258장이지만 여기에는 조선시대에 다시 새긴 것도 포함되어 있다. 경판의 크기는 가로 70㎝내외, 세로 24㎝내외이고 두께는 2.6㎝ 내지 4㎝이다. 무게는 3㎏ 내지 4㎏이다.
 구성을 보면 모두 1,496종 6,568권으로 되어있다. 이 대장경의 특징은 사업을 주관하던 개태사 승통인 수기대사가 북송관판, 거란본, 초조대장경을 참고하여 내용의 오류를 바로잡아 대장경을 제작하였다고 한다.
  이 대장경판은 현재 없어진 송나라 북송관판이나 거란의 대장경의 내용을 알 수 있는 유일한 것이며, 수천만 개의 글자 하나 하나가 오자·탈자없이 모두 고르고 정밀하다는 점에서 그 보존가치가 매우 크며, 현존 대장경 중에서도 가장 오랜 역사와 내용의 완벽함으로 세계적인 명성을 지니고 있는 문화유산이다. 또한 2007년 세계기록유산에 등재되었다.",http://www.cha.go.kr/unisearch/images/national_treasure/1612968.jpg
11,00330000,38,창녕 신라 진흥왕 척경비,경남 창녕군 창녕읍 교상리 28-1번지,신라 진흥왕 22년( 562),"빛벌가야(지금의 창녕군)를 신라 영토로 편입한 진흥왕이 이곳을 순시하면서 민심을 살핀 후 그 기념으로 세운 비이다. 당시 창녕군은 신라가 서쪽으로 진출하는데 있어 마치 부채살의 꼭지와 같은 중요한 길목이었는데, 진흥왕 16년(555) 신라에 병합되었고, 565년에는 대야주(지금의 합천군)와 합쳐져 비사벌군(比斯伐郡) 또는 비자화군(比自化郡)으로 불리워지게 되었다.
 비는 목마산성 기슭에 있던 것을 1924년 지금의 자리로 옮겨 비각안에 모셔 둔 것으로, 자연석의 앞면을 평평하게 다듬어 비문을 새기고, 그 둘레에 선으로 윤곽을 돌려놓은 모습이다. 다른 순수비와 달리 ‘순수관경(巡狩管境)’이라는 제목이 보이지 않아 척경비(영토 편입을 기념하여 세운 비)라 일컫고 있으나, 임금을 수행한 신하들의 명단이 기록되어 있는 것으로 보아 순수비에 속한다 할 수 있다. 
 비문은 심하게 닳아 있어 판독하기가 힘든 상태이나, 후반부는 명확히 읽어낼 수 있을 만큼 선명하다. 다른 순수비의 내용을 참고할 때 대략 진흥왕이 빛벌가야를 점령하여 영토를 확장한 사실과 왕의 통치이념, 포부 등이 실려 있었던 것으로 보이는데, 후반부에 당시 왕을 수행하던 신하들의 명단이 직관, 직위, 소속의 순서대로 나열되어 있어 당시 지방행정조직, 신분제 및 사회조직을 파악하는데 많은 도움이 되고 있다.
 비를 세운 시기는 대가야가 멸망하기 1년 전인 신라 진흥왕 22년(561)으로, 이 지역을 가야진출의 발판으로 삼고자 한 왕의 정치적인 의도가 엿보인다. 또한 진흥왕 당시의 사실을 기록해 놓아『삼국사기』의 내용을 보완해줌으로써, 이 시대의 역사적 사실을 밝히고 이해하는데 크게 기여하고 있다.",http://www.cha.go.kr/unisearch/images/national_treasure/1613008.jpg
11,00340000,38,창녕 술정리 동 삼층석탑,경남 창녕군 창녕읍 시장2길 37 (술정리),통일신라시대,"탑이 세워져 있는 창녕군 지역은 삼국시대부터 신라의 영역에 속해 있던 곳이며, 진흥왕 때부터 신라의 정치·군사상의 요지가 되었다. 탑은 2단의 기단(基壇)에 3층의 탑신(塔身)을 올린 형태로, 통일신라 석탑의 일반적인 모습이다. 
 기단에는 위·아래층 모두 각면의 모서리와 가운데에 기둥 모양이 새겨져 있고, 탑신 역시 몸돌의 모서리마다 기둥모양을 한 조각이 있다. 지붕돌은 수평을 이루던 처마가 네 귀퉁이에서 살짝 치켜 올라가 간결한 모습이며, 밑면에는 5단의 받침을 두었다. 1965년 탑을 해체, 복원할 당시 3층 몸돌에서 뚜껑달린 청동잔형사리용기 등의 유물들이 발견되었고, 바닥돌 주위에 돌림돌을 놓았던 구조도 밝혀졌다.
 8세기 중엽인 통일신라시대에 세워진 탑으로, 위로 올라가면서 적당한 비율로 줄어드는 몸돌로 인해 충분한 안정감과 아름다움이 느껴진다. 세부적인  수법도 정교하여 경주 불국사 삼층석탑(국보)과 비길만한 기품이 있으며, 삼국시대부터 신라 영역에 속해있던 창녕의 지역적인 특성으로 볼 때, 경주 중심의 탑 건립 경향이 지방으로 확산되는 과정을 보여주고 있어 중요한 가치를 지니고 있다.",http://www.cha.go.kr/unisearch/images/national_treasure/1613016.jpg
11,00350000,36,구례 화엄사 사사자 삼층석탑,전남 구례군 마산면 화엄사로 539 (황전리) / (지번)전남 구례군 마산면 황전리 산20-1,통일신라시대,"지리산 자락에 있는 화엄사는 신라 진흥왕 5년(544)에 연기조사(緣起祖師)가 세운 절로, 호남 제일의 사찰답게 많은 부속 건물과 국보 구례 화엄사 각황전 앞 석등, 보물 구례 화엄사 동 오층석탑, 보물 구례 화엄사 서 오층석탑, 보물 구례 화엄사 원통전 앞 사자탑 등의 중요한 유물들이 전해온다. 탑은 소나무 숲으로 둘러싸인 절 서북쪽의 높은 대지에 석등과 마주보고 서 있으며, 2단의 기단(基壇)위에 3층의 탑신(塔身)을 올린 형태이다.
 아래층 기단의 각 면에는 천인상(天人像)을 도드라지게 새겼는데, 악기와 꽃을 받치고 춤추며 찬미하는 등의 다양한 모습이 그려져 있다. 가장 주목되는 위층 기단은 암수 네 마리의 사자를 각 모퉁이에 기둥삼아 세워 놓은 구조로, 모두 앞을 바라보며 입을 벌린 채 날카로운 이를 드러내고 있다. 사자들에 에워싸여 있는 중앙에는 합장한 채 서있는 스님상이 있는데 이는 연기조사의 어머니라고 전하며, 바로 앞 석등의 탑을 향해 꿇어앉아 있는 스님상은 석등을 이고 어머니께 차를 공양하는 연기조사의 지극한 효성을 표현해 놓은 것이라 한다.
 탑신은 1층 몸돌에 문짝 모양을 본떠 새기고, 양 옆으로 인왕상(仁王像), 사천왕상(四天王像), 보살상을 조각해 두었다. 평평한 경사를 보이고 있는 지붕돌은 밑면에 5단씩의 받침이 있으며, 처마는 네 귀퉁이에서 살짝 들려 있다. 탑의 꼭대기에는 머리장식의 받침돌인 노반(露盤)과 복발(覆鉢:엎어놓은 그릇모양의 장식)만이 남아있다.
 각 부분의 조각이 뛰어나며, 지붕돌에서 경쾌한 아름다움을 보여주고 있어 통일신라 전성기인 8세기 중엽에 만들었을 것으로 추측된다. 특히 위층 기단의 사자조각은 탑 구성의 한 역할을 하고 있어 국보 경주 불국사 다보탑과 더불어 우리나라 이형(異形)석탑의 쌍벽을 이루고 있다.",http://www.cha.go.kr/unisearch/images/national_treasure/1612422.jpg
11,00360000,32,상원사 동종,"강원 평창군 진부면 오대산로 1211-50, 상원사 (동산리)",통일신라시대,"오대산 상원사에 있는 동종으로 신라 성덕왕 24년(725)에 만들어졌다. 경주 성덕대왕신종(국보), 청주 운천동 출토 동종(보물)과 더불어 우리나라에 남아있는 완형의 통일신라시대 범종 3구 중 하나이며, 크기는 높이 167cm, 입지름 91cm이다.
 이 종의 맨 위에는 큰 머리에 굳센 발톱의 용이 고리를 이루고 있고, 소리의 울림을 도와주는 음통(音筒)이 연꽃과 덩굴 무늬로 장식되어 있다. 종 몸체의 아래 위에 있는 넓은 띠와 사각형의 연곽(蓮廓)은 구슬 장식으로 테두리를 하고 그 안쪽에 덩굴을 새긴 다음 드문드문 1∼4구의 악기를 연주하는 주악상(奏樂像)을 두었다. 네 곳의  연곽 안에는 연꽃 모양의 연뢰(蓮蕾)를 9개씩 두었다. 그 밑으로 마주보는 2곳에 구름 위에서 무릎꿇고 하늘을 날며 악기를 연주하는 주악비천상(奏樂飛天像)을 새겼다. 비천상 사이에는 종을 치는 부분인 당좌(撞座)를 구슬과 연꽃 무늬로 장식하였다. 
 이 종은 조각 수법이 뛰어나며 종 몸체의 아래와 위의 끝부분이 안으로 좁혀지는 항아리와 같은 모습을 하고 있다. 또한, 우리나라에 현존하는 종 가운데 가장 오래되고 한국 종의 고유한 특색을 갖춘 모본이 되는 종이다.",http://www.cha.go.kr/unisearch/images/national_treasure/1612063.jpg
11,00370000,37,경주 황복사지 삼층석탑,경상북도 경주시 구황동 100,통일신라시대,"통일신라 신문왕이 돌아가신 후 그 아들인 효소왕이 아버지의 명복을 빌고자 세운 탑으로, 2단의 기단(基壇) 위에 3층의 탑신(塔身)을 세운 모습이며, 경주 감은사지 동·서 삼층석탑(국보)이나 경주 고선사지 삼층석탑(국보)에 비해 작은 규모이다.
 기단의 양식은 두 탑과 거의 비슷하나, 기단의 각 면에 새겨진 가운데 기둥이 3개에서 2개로 줄어 있다. 탑신부도 여러개의 돌로 짜맞추는 대신 몸돌과 지붕돌이 각각 하나의 돌로 이루어져 있어, 달라진 석탑의 양식을 보여준다. 지붕돌은 윗면이 평평하고 네 귀퉁이가 살짝 올라가 경쾌하며, 밑면에는 5단의 받침을 두었다. 탑의 꼭대기에는 머리장식의 받침돌인 노반(露盤)만이 남아있다.
 효소왕 1년(692)에 세워진 탑으로, 이후 효소왕의 뒤를 이은 성덕왕이 즉위한 지 5년만인 706년에 사리와 불상 등을 추가하여 다시 탑안에 넣어 앞의 두 왕의 명복을 빌고, 왕실의 번영과 태평성대를 기원하였다. 1942년 착수된 탑 해체수리 과정에서 2층 지붕돌 안에서 금동 사리함과 금동 불상 2구를 비롯하여 많은 유물을  발견하였는데, 그중 사리함 뚜껑 안쪽에 탑을 건립하게 된 경위와 발견된 유물의 성격이 기록되어 있어 탑의 건립 연대와 조성 의도를 정확히 알 수 있게 되었다. 
 통일신라시대의 전형적인 모습이면서도 전기 석탑양식의 변화과정이 잘 담겨져 있어 소중한 자료적 가치를 지니고 있다.",http://www.cha.go.kr/unisearch/images/national_treasure/1612766.jpg
11,00380000,37,경주 고선사지 삼층석탑,"경북 경주시 일정로 186, 국립경주박물관 (인왕동)",통일신라시대 초기,"원효대사가 주지로 있었던 고선사의 옛 터에 세워져 있던 탑으로, 덕동댐 건설로 인해 절터가 물에 잠기게 되자 지금의 자리인 국립경주박물관으로 옮겨 세워 놓았다. 탑은 2단의 기단(基壇) 위에 3층의 탑신(塔身)을 쌓아 놓은 모습인데, 통일신라시대 석탑양식의 전형적인 형태이다. 
 기단은 여러 개의 돌로 구성하였으며, 각 면에는 기둥 모양을 새겨 놓았다. 탑신도 여러 개의 돌이 조립식으로 짜 맞추어져있으나, 3층 몸돌만은 하나의 돌로 이루어져 있다. 이는 사리장치를 넣어둘 공간을 마련하기 위한 배려로, 석탑을 해체·복원하면서 밝혀졌다. 지붕돌은 윗면에 완만한 경사가 흐르는데, 아래로 미끄러지는 네 귀퉁이가 들려있어 경쾌함을 더해주고 있다. 밑면에는 계단 모양으로 5단의 받침을 새겨 놓았다.
 통일신라시대 전기인 7세기 후반에 세워졌을 것으로 추측되며, 전형적인 석탑양식으로 옮겨지는 초기과정을 잘 보여주고 있다. 이러한 양식은 이 탑과 함께 경주 감은사지 동ㆍ서 삼층석탑(국보)에서 시작되어 이후 경주 불국사 삼층석탑(국보)에서 그 절정을 이루게 된다.",http://www.cha.go.kr/unisearch/images/national_treasure/1612770.jpg
11,00390000,37,경주 나원리 오층석탑,경북 경주시 현곡면 라원리 676,통일신라시대 초기,"나원리마을의 절터에 남아 있는 석탑으로, 경주에 있는 석탑 가운데 경주 감은사지 동ㆍ서 삼층석탑(국보)과 경주 고선사지 삼층석탑(국보)과 비교되는 거대한 규모를 자랑한다. 천년의 세월이 흐른 지금까지도 순백의 빛깔을 간직하고 있는데, 이로 인해 ‘나원 백탑(白塔)’이라 부르기도 한다.
 2층 기단(基壇)에 5층의 탑신(塔身)을 세운 모습으로, 기단과 1층 탑신의 몸돌, 1·2층의 지붕돌을 제외한 나머지가 모두 하나의 돌로 이루어져 있다. 기단은 각 면마다 가운데와 모서리에 기둥 모양의 조각을 새겼는데, 가운데 조각을 아래층은 3개씩, 위층은 2개씩 두었다. 탑신부는 각 층 몸돌의 모서리에 기둥 모양의 조각이 새겨져 있다. 지붕돌은 경사면의 네 모서리가 예리하고 네 귀퉁이가 살짝 들려있고, 밑면에는 5단씩의 받침을 두었다. 꼭대기에는 부서진 노반(露盤:머리장식 받침)과 잘려나간 찰주(擦柱:머리장식의 무게중심을 지탱하는 쇠꼬챙이)가 남아있다.
 짜임새있는 구조와 아름다운 비례를 보여주고 있어 통일신라시대인 8세기경에 세웠을 것으로 추정된다. 경주 부근에서는 보기 드문 5층석탑으로, 탑이 지니고 있는 듬직한 위엄에 순백의 화강암이 가져다주는 맑은 기품이 잘 어우러져 있다. 높은 산골짜기에 우뚝 솟은 거대한 모습에서 주위를 압도하는 당당함이 묻어난다.",http://www.cha.go.kr/unisearch/images/national_treasure/1612776.jpg
11,00400000,37,경주 정혜사지 십삼층석탑,경북 경주시 안강읍 옥산리 1654번지,통일신라시대,"경주 정혜사터에 세워져 있는 탑으로, 흙으로 쌓은 1단의 기단(基壇) 위에 13층의 탑신(塔身)을 올린 모습인데, 통일신라시대에서는 그 비슷한 예를 찾아볼 수 없는 독특한 모습이다.
 1층 탑몸돌이 거대한데 비해 2층부터는 몸돌과 지붕돌 모두가 급격히 작아져서 2층 이상은 마치 1층탑 위에 덧붙여진 머리장식처럼 보인다. 큰 규모로 만들어진 1층 몸돌은 네 모서리에 사각형의 돌기둥을 세웠으며, 그 안에 다시 보조기둥을 붙여 세워 문을 만들어 놓았다. 이렇듯 문을 마련해 놓은 것은 열린 공간을 추구하고자 한 의지의 표현으로 보여진다. 지붕돌은 밑면의 받침을 조각이 아닌 별개의 다른 돌로 만들어 놓았고, 직선을 그리던 처마는 네 귀퉁이에 이르러서 경쾌하게 들려 있다. 꼭대기에는 머리장식의 받침돌인 노반(露盤)만이 남아있다.
 통일신라시대인 9세기 즈음에 세워졌을 것으로 추측되는 이 탑은 13층이라는 보기 드문 층수에, 기단부 역시 일반적인 양식에서 벗어나 당시의 석탑 연구에 귀중한 자료로 평가되고 있다. 비교적 옛모습을 잘 간직하고 있으며, 1층을 크게 부각시킨 후 2층부터 급격히 줄여나간 양식으로 인해 탑 전체에 안정감이 느껴진다.",http://www.cha.go.kr/unisearch/images/national_treasure/1612780.jpg
11,00410000,33,청주 용두사지 철당간,충청북도 청주시 상당구 남문로2가 48-19,고려 광종 13년( 962),"절에 행사가 있을 때, 그 입구에는 당이라는 깃발을 달아두는데, 이 깃발을 달아두는 장대를 당간이라 하며, 이를 양쪽에서 지탱해 주는 두 기둥을 당간지주라 한다.
 당간이 서 있는 청주시 상당구 남문로는 예전에 용두사라는 절이 자리잡고 있던 곳이다. 용두사는 고려 광종 13년(962)에 창건되었으나 고려말의 잦은 전쟁과 난으로 인해 폐허가 되었고, 절이 있던 터는 현재 청주시내의 가장 번화한 거리로 변하였다.
 이 당간은 밑받침돌과 이를 버티고 있는 두 기둥이 온전히 남아 예전의 모습을 잘 간직하고 있다. 두 기둥은 바깥면 중앙에 세로로 도드라지게 선을 새겨 단조로운 표면에 변화를 주었다. 그 사이로 원통 모양의 철통 20개를 아래위가 서로 맞물리도록 쌓아 당간을 이루게 하였고, 돌기둥의 맨 위쪽에는 빗장과 같은 고정장치를 두어 당간을 단단히 잡아매고 있다. 특히 세 번째 철통 표면에는 철당간을 세우게 된 동기와 과정 등이 기록되어 있는데, 원래는 30개의 철통으로 구성되어 있었다고 한다.
 당간을 세운 시기는 절의 창건과 때를 같이 하는 고려 광종 13년(962)으로, 연대를 확실하게 알 수 있어 소중한 가치를 지닌다. 또한 당간이 남아 있는 경우가 드문 우리 문화유산 현실에 비추어 볼 때, 이곳과 함께 공주 갑사, 안성 칠장사의 세 곳에서만 철당간을 접할 수 있어 보기 드문 작품이다.
 예로부터 청주에는 홍수에 의한 재난으로 백성들의 피해가 많았는데, 어느 점술가가 이르기를 큰 돛대를 세워 놓으면 이 지역이 배의 형상이 되어 재난을 면할 수 있을 것이라 하였다. 결국 이곳에 돛대 구실을 하는 당간을 세워 놓으니 재난을 피하게 되었다. 이때부터 청주를 주성(舟城)이라 이름하였다고 하는 일화가 전해지고 있다.",http://www.cha.go.kr/unisearch/images/national_treasure/1612150.jpg
11,00420000,36,순천 송광사 목조삼존불감,"전남 순천시 송광면 송광사안길 100, 송광사 (신평리)",신라말∼고려초,"불상을 모시기 위해 나무나 돌, 쇠 등을 깎아 일반적인 건축물보다 작은 규모로 만든 것을 불감(佛龕)이라 한다. 불감은 그 안에 모신 불상의 양식뿐만 아니라, 당시의 건축 양식을 함께 살필 수 있는 중요한 자료가 된다. 이 목조삼존불감은 보조국사 지눌이 중국에서 돌아오는 길에 가져온 것으로 알려져 있으나 정확한 기록은 남아 있지 않다.
 불감은 모두 3부분으로 이루어져 있는데, 가운데의 방을 중심으로 양쪽에 작은 방이 문짝처럼 달려 있다. 문을 닫으면 윗부분이 둥근 팔각기둥 모양이 되는데, 전체 높이는 13㎝이고, 문을 열었을 때 너비 17㎝가 되는 작은 크기이다.
 가운데 큰 방에는 연꽃무늬가 새겨진 대좌(臺座) 위에 앉아 있는 본존불이 조각되어 있고, 양쪽의 작은 방에는 각각 보살상이 모셔져 있다. 본존불은 양 어깨를 감싼 옷을 입고 있으며, 옷주름은 2줄로 표현되어 있다. 오른손은 어깨 높이로 들었고, 무릎 위에 올리고 있는 왼손에는 물건을 들고 있다. 오른쪽 방에는 실천을 통해 자비를 나타낸다는 보현보살을 배치하였는데, 코끼리가 새겨진 대좌 위에 앉아 있다. 보살의 왼쪽에는 동자상이, 오른쪽에는 사자상이 서 있다. 왼쪽 방에는 지혜를 상징하는 문수보살이 연꽃가지를 들고 서 있다. 문수보살은 사자가 새겨져 있는 대좌 위에 서 있으며, 보살의 좌우에는 동자상이 1구씩 서 있다.
 이 목조삼존불감은 매우 작으면서도 세부묘사가 정확하고 정교하여 우수한 조각 기술을 보여주고 있다. 세부의 장식과 얼굴 표현 등에서는 인도의 영향을 받은 듯 이국적인 면이 보이며, 불감의 양식이나 구조에서는 중국 당나라의 요소를 발견할 수 있다. 국내에 남아 있는 불감류 가운데 매우 희귀한 예라고 할 수 있다.",http://www.cha.go.kr/unisearch/images/national_treasure/1612444.jpg
11,00430000,36,혜심 고신제서,"전남 순천시 송광면 송광사안길 100, 송광사 (신평리)",고려 고종 3년(1216),"이 문서는 고려 고종 3년(1216)에 조계산 송광사 제2세 진각국사 혜심에게 대선사의 호를 내릴 것을 제가(制可)한 것이다. 이것은 능형화문의 무늬가 있는 홍, 황, 백색 등의  비단 7장을 이어서 만든 두루마리에 묵서한 것으로, 크기는 가로 3.6m, 세로 33㎝이다. 이것은 고려시대 승려에게 하사한 제서 중 몇 점 되지 않는 귀중한 자료이다.",http://www.cha.go.kr/unisearch/images/national_treasure/1612446.jpg
11,00440000,36,장흥 보림사 남·북 삼층석탑 및 석등,전남 장흥군 유치면 봉덕리 45번지 보림사,통일신라 경문왕10년(871),"가지산 남쪽 기슭에 있는 보림사는 통일신라 헌안왕의 권유로 체징(體澄)이 터를 잡아 헌안왕 4년(860)에 창건하였다. 그 뒤 계속 번창하여 20여 동의 부속 건물을 갖추었으나, 한국전쟁 때 대부분이 불에 타 없어졌다. 절 앞뜰에는 2기의 석탑과 1기의 석등이 나란히 놓여 있다. 
 남북으로 세워진 두 탑은 구조와 크기가 같으며, 2단으로 쌓은 기단(基壇)위에 3층의 탑신(塔身)을 놓고 머리장식을 얹은 통일신라의 전형적인 석탑이다. 기단은 위층이 큰데 비해 아래층은 작으며, 위층 기단의 맨윗돌은 매우 얇다. 탑신부는 몸돌과 지붕돌을 각각 하나의 돌로 만들어 쌓았으며, 각 층 몸돌에 모서리기둥을 새겼는데, 2·3층은 희미하게 나타난다. 지붕돌은 밑면의 받침이 계단형으로 5단씩이고, 처마는 기단의 맨윗돌과 같이 얇고 평평하며, 네 귀퉁이는 심하게 들려있어 윗면의 경사가 급해 보인다. 탑의 꼭대기에는 여러 개의 머리장식들을 차례대로 가지런히 올려 놓았다.
 석등 역시 신라의 전형적인 모습으로, 네모꼴의 바닥돌 위에 연꽃무늬를 새긴 8각의 아래받침돌을 얹고, 그 위에 가늘고 긴 기둥을 세운 후, 다시 윗받침돌을 얹어 불을 밝혀두는 화사석(火舍石)을 받쳐주도록 하였다. 화사석은 8각으로 4면에만 창을 뚫어 놓았고, 그 위로 넓은 지붕돌을 얹었는데 각 모서리 끝부분에 꽃장식을 하였다. 석등의 지붕 위에는 여러 장식들 놓여 있다.
 이들 석탑과 석등은 모두 완전한 형태를 지니고 있으며, 특히 탑의 머리장식은 온전하게 남아 있는 예가 드물어 귀중한 자료가 되고 있다. 탑 속에서 발견된 기록에 의해 석탑은 통일신라 경문왕 10년(870) 즈음에 만들어진 것으로 밝혀졌고, 석탑과 더불어 석등도 같은 시기에 만들어졌을 것으로 보고 있다.",http://www.cha.go.kr/unisearch/images/national_treasure/1612448.jpg
11,00450000,37,영주 부석사 소조여래좌상,경북 영주시 부석면 북지리 149 부석사,고려 중엽,"부석사 무량수전에 모시고 있는 소조불상으로 높이 2.78m이다. 소조불상이란 나무로 골격을 만들고 진흙을 붙여가면서 만드는 것인데, 이 불상은 우리나라 소조불상 가운데 가장 크고 오래된 작품으로 가치가 매우 크다.
 얼굴은 풍만한 편이며, 두꺼운 입술과 날카로운 코 등에서 근엄한 인상을 풍기고 있다. 옷은 오른쪽 어깨를 드러내고 왼쪽 어깨에만 걸쳐 입고 있는데, 평행한 옷주름을 촘촘하게 표현하고 있다. 무릎 아래까지 이어지고 있는 이런 형태의 옷주름은 도피안사 철조비로자나불좌상(국보)에서도 보이는 것으로 이 작품이 고려 초기 불상들과 같은 계열임을 알 수 있다.
 손모양은 석가모니불이 흔히 취하는 항마촉지인(降魔觸地印)으로, 무릎 위에 올린 오른손의 손끝이 땅을 향하고 있다. 하지만 불상을 모신 장소가 서방 극락정토를 다스리는 아미타불을 모신 극락전이라는 사실과, 부석사에 있는 원융국사탑비 비문에 아미타불을 만들어 모셨다는 기록이 있는 점으로 보아 이 불상은 아미타불임이 확실하다.
 부처의 몸에서 나오는 빛을 상징하는 광배(光背)는 불상의 뒤편에 나무로 따로 만들어 놓았는데, 가장자리에 불꽃이 타오르는 모양을 표현하였다. 머리광배와 몸광배는 원형으로 표현하고 그 안에는 화려한 꽃무늬를 장식하였으며, 작은 부처를 달았던 흔적이 곳곳에 남아 있다.
 온화함이 사라진 근엄한 표정과 평행의 옷주름 등에서 형식화된 모습이 보이지만 고려시대 불상으로서는 상당히 정교한 솜씨를 보여주고 있는 작품이며, 특히 소조불상이란 점에서 중요한 가치를 지닌다. 통일신라시대의 불상양식에서 크게 벗어나지 않은 점으로 보아 고려 초기에 만들어진 것으로 추정된다.",http://www.cha.go.kr/unisearch/images/national_treasure/1612784.jpg
11,00460000,37,부석사 조사당 벽화,경북 영주시 부석면 북지리 149 부석사,고려 말기,"이 벽화는 부석사를 창건하고 우리나라에서 화엄종을 처음 시작한 의상대사를 모시고 있는 부석사 조사당(국보) 안쪽 벽면에 사천왕과 제석천, 범천을 6폭으로 나누어 그린 그림이다. 현재는 일제강점기에 해체 분리된 벽화를 별도로 보관하고 있다.
 흙벽 위에 녹색으로 바탕을 칠하고 붉은색·백색·금색 등으로 채색하였으며, 각각의 크기는 길이 205㎝, 폭 75㎝ 가량이다. 양쪽의 두 천부상은 우아한 귀족풍으로 양감이 풍만하며, 가운데 사천왕은 악귀를 밟고 서서 무섭게 노려 보는 건장한 모습이다. 훼손된 부분이 많고 후대에 덧칠하여 원래의 모습이 많이 사라졌지만 율동감 넘치는 유려한 선에서 고려시대 불화의 품격을 느낄 수 있다.
 건물에서 발견된 기록을 통해 조사당을 세운 연대가 고려 우왕 3년(1377)임을 알게 되었으며, 벽화를 그린 연대도 같은 시기일 것으로 보인다. 현재 우리나라에 남아 있는 벽화 가운데 가장 오래된 작품으로 회화사적으로 매우 중요한 작품으로 평가받고 있다.",http://www.cha.go.kr/unisearch/images/national_treasure/1612794.jpg
11,00470000,38,하동 쌍계사 진감선사탑비,"경남 하동군 화개면 쌍계사길 59, 쌍계사 (운수리)",통일신라 정강왕2년(888),"통일신라 후기의 유명한 승려인 진감선사의 탑비이다. 진감선사(774∼850)는 불교 음악인 범패를 도입하여 널리 대중화시킨 인물로, 애장왕 5년(804)에 당나라에 유학하여 승려가 되었으며, 흥덕왕 5년(830)에 귀국하여 높은 도덕과 법력으로 당시 왕들의 우러름을 받다가 77세의 나이로 쌍계사에서 입적하였다. 
 비는 몸돌에 손상을 입긴 하였으나, 아래로는 거북받침돌을, 위로는 머릿돌을 고루 갖추고 있는 모습이다. 통일신라 후기의 탑비양식에 따라 거북받침돌은 머리가 용머리로 꾸며져 있으며, 등에는 6각의 무늬가 가득 채워져 있다. 등 중앙에는 비몸돌을 끼우도록 만든 비좌(碑座)가 큼지막하게 자리하고 있는데, 옆의 4면마다 구름무늬가 새겨져 있다. 직사각형의 몸돌은 여러 군데가 갈라져 있는 등 많이 손상된 상태이다. 머릿돌에는 구슬을 두고 다투는 용의 모습이 힘차게 표현되어 있고, 앞면 중앙에는 ‘해동고진감선사비’라는 비의 명칭이 새겨져 있다. 꼭대기에는 솟은 연꽃무늬위로 구슬모양의 머리장식이 놓여 있다. 
 진성여왕 원년(887)에 세워진 것으로, 진감선사가 도를 닦던 옥천사를  ‘쌍계사’로 이름을 고친 후에 이 비를 세웠다 한다. 당시의 대표적인 문인이었던 최치원이 비문을 짓고 글씨를 쓴 것으로 유명한데, 특히 붓의 자연스런 흐름을 살려 생동감 있게 표현한 글씨는 최치원의 명성을 다시금 되새기게 할 만큼 뛰어나다.",http://www.cha.go.kr/unisearch/images/national_treasure/1613019.jpg
11,00480100,32,평창 월정사 팔각 구층석탑,"강원 평창군 진부면 오대산로 374-8, 월정사 (동산리)",고려시대,"자장율사가 창건한 월정사 안에 있는 탑으로, 그 앞에는 공양하는 모습의 석조보살좌상이 마주보며 앉아 있다.
 탑은 8각 모양의 2단 기단(基壇) 위에 9층 탑신(塔身)을 올린 뒤, 머리장식을 얹어 마무리한 모습이다. 아래층 기단에는 안상(眼象)을 새겨 놓았고, 아래·위층 기단 윗부분에는 받침돌을 마련하여 윗돌을 괴어주도록 하였다. 탑신부는 일반적인 석탑이 위층으로 올라 갈수록 급격히 줄어드는 모습과 달리 2층 탑신부터 거의 같은 높이를 유지하고 있으며, 1층 탑신의 4면에 작은 규모의 감실(龕室:불상을 모셔두는 방)을 마련해 두었다. 지붕돌은 밑면에 계단 모양의 받침을 두지 않고 간략하게 마무리하였고, 가볍게 들려있는 여덟 곳의 귀퉁이마다 풍경을 달아 놓았다. 지붕돌 위로는 머리장식이 완벽하게 남아 있는데, 아랫부분은 돌로, 윗부분은 금동으로 만들어서 화려한 아름다움을 더해주고 있다.
 고려시대가 되면 4각형 평면에서 벗어난 다각형의 다층(多層)석탑이 우리나라 북쪽지방에서 주로 유행하게 되는데, 이 탑도 그러한 흐름 속에서 만들어진 것으로, 고려 전기 석탑을 대표하는 작품이다. 당시 불교문화 특유의 화려하고 귀족적인 면모를 잘 보여주고 있으며, 전체적인 비례와 조각수법이 착실하여 다각다층석탑을 대표할 만하다. 또한 청동으로 만들어진 풍경과 금동으로 만들어진 머리장식을 통해 금속공예의 수법을 살필 수 있어 중요한 자료가 되고 있다.",http://www.cha.go.kr/unisearch/images/national_treasure/1612067.jpg
11,00480200,32,평창 월정사 석조보살좌상,강원도 평창군 오대산로 176 (진부면) 월정사성보박물관,고려 전기,"월정사 석조보살상은 팔각구층석탑의 남쪽 전방에 무릎을 꿇고 앉아 두 손을 가슴 앞에 모아 탑을 향해 무엇인가 공양을 올리는 자세를 갖추고 있는 점에서, 원래부터 탑과 공양보살상은 한 세트로 만들어진 것으로 이해된다. 이 보살상은 고려 후기민지(閔漬, 1248∼1326)가 찬한『오대산사적(五臺山事蹟)』의 「신효거사친견오류성중사적(信孝居士親見五類聖衆事跡)」에 “탑 앞에 약왕보살의 석상이 손에 향로를 들고 무릎을 괴고 앉아 있는데, 전해오기를 이 석상은 절 남쪽의 금강연에서 솟아나왔다”라고 기록하고 있는데, 지금의 모습과 꼭 일치한다. 이에 따라 이 보살상은 대체로 『묘법연화경(妙法蓮華經)』권6 「약왕보살본사품(藥王菩薩本事品)」에 근거하여 조성된 ‘약왕보살’로 일컫는다. 석조보살상은 전체적으로 양감이 강조된 모습이며, 안정되고 균형 잡힌 자세와 알맞은 비례를 갖추고 있으며, 보관과 귀걸이, 팔찌, 가슴 영락 장식 등 세부표현도 화려하고 섬세하다. 이와 같은 탑전(塔前) 공양보살상은 이전에는 찾기 힘든 고려 전기적 특징인 동시에 다른 나라에서는 볼 수 없는 우리나라만의 독창적인 도상과 구성이라는 점에서 중요한 가치와 의미를 지닌다. 또한 강원특별자치도 지역에 집중적으로 조성되어 고려 불교조각의 지역성 연구에도 중요한 자료라 할 수 있다. 그런데 현재 보살상과 세트로 조성된 월정사 팔각구층석탑은 국보로 지정되어 있고, 석조보살상은 보물로 별도로 지정되어 별개라는 느낌을 줄 수 있으므로, 이미 국보로 지정된 월정사 팔각구층석탑과 함께 묶어 국보로 지정하는 것이 조성 당시의 조형적, 신앙적 의미를 모두 찾을 수 있을 것으로 판단된다.",http://www.cha.go.kr/unisearch/images/national_treasure/2017010317322500.jpg
11,00490000,34,예산 수덕사 대웅전,"충청남도 예산군 수덕사안길 79 (덕산면, 수덕사)",고려 충렬왕 34년(1308),"수덕사는 덕숭산에 자리잡고 있는 절로, 절에 남겨진 기록에는 백제 후기 숭제법사가 처음 짓고 고려 공민왕 때 나옹이 다시 고친 것으로 기록되어 있고, 또 다른 기록에는 백제 법왕 1년(599)에 지명법사가 짓고 원효가 다시 고쳤다고도 전한다.
 석가모니불상을 모셔 놓은 대웅전은 고려 충렬왕 34년(1308)에 지은 건물로, 지은 시기를 정확하게 알 수 있는 우리 나라에서 가장 오래된 목조건물 중의 하나이다. 앞면 3칸·옆면 4칸 크기이며, 지붕은 옆면에서 볼 때 사람 인(人)자 모양을 한 맞배지붕으로 꾸몄다. 지붕 처마를 받치기 위한 구조가 기둥 위에만 있는 주심포 양식이다. 앞면 3칸에는 모두 3짝 빗살문을 달았고 뒷면에는 양쪽에 창을, 가운데에는 널문을 두었다.
 대웅전은 백제 계통의 목조건축 양식을 이은 고려시대 건물로 특히 건물 옆면의 장식적인 요소가 매우 아름답다. 또한 건립연대가 분명하고 형태미가 뛰어나 한국 목조건축사에서 매우 중요한 문화유산으로 평가 받고 있다.",http://www.cha.go.kr/unisearch/images/national_treasure/1612236.jpg
11,00500000,36,영암 도갑사 해탈문,"전남 영암군 군서면 도갑사로 306, 도갑사 (도갑리) / (지번)전남 영암군 군서면 도갑리 8 도갑사",조선 성종4년(1473),"도갑사는 월출산에 있는 절로, 신라말에 도선국사가 지었다고 하며 고려 후기에 크게 번성했다고 전한다. 원래 이곳은 문수사라는 절이 있던 터로 도선국사가 어린 시절을 보냈던 곳인데, 도선이 자라 중국을 다녀온 뒤 이 문수사터에 도갑사를 지었다고 한다. 그 뒤, 수미·신미 두 스님이 조선 성종 4년(1473)에 다시 지었고, 한국전쟁 때 대부분의 건물이 불에 타 버린 것을 새로 지어 오늘에 이르고 있다.
 이 절에서 가장 오래된 해탈문은 모든 번뇌를 벗어버린다는 뜻으로, 앞면 3칸·옆면 2칸 크기이며, 절의 입구에 서 있다. 좌우 1칸에는 절 문을 지키는 금강역사상이 서 있고, 가운데 1칸은 통로로 사용하고 있다. 건물 위쪽에는 도갑사의 정문임을 알리는 ‘월출산도갑사(月出山道岬寺)’라는 현판이 걸려 있으며, 반대편에는 ‘해탈문(解脫門)’이라는 현판이 걸려 있다.
 영암 도갑사 해탈문은 우리 나라에서 흔하게 볼 수 없는 산문(山門)건축으로, 춘천 청평사 회전문(보물)과 비교되는 중요한 건물이다.",http://www.cha.go.kr/unisearch/images/national_treasure/1612464.jpg
11,00510000,32,강릉 임영관 삼문,강원 강릉시 임영로131번길 6 (용강동),고려시대 후기,"고려시대에 지은 강릉 객사의 정문으로, 현재 객사 건물은 없어지고 이 문만 남아 있다. 객사란 고려와 조선시대 때 각 고을에 두었던 지방관아의 하나로 왕을 상징하는 나무패를 모셔두고 초하루와 보름에 궁궐을 향해 절을 하는 망궐례를 행하였으며, 왕이 파견한 중앙관리나 사신들이 묵기도 하였다.
 이 객사는 고려 태조 19년(936)에 총 83칸의 건물을 짓고 임영관이라 하였는데, 문루에 걸려 있는 ‘임영관’이란 현판은 공민왕이 직접 쓴 것이라고 한다. 몇 차례의 보수가 있었고, 일제강점기에는 학교 건물로 이용하기도 하였다. 학교가 헐린 뒤 1967년에 강릉 경찰서가 들어서게 되고 현재는 마당에 객사문만 남아 있다. 남산의 오성정·금산의 월화정·경포의 방해정은 객사의 일부를 옮겨 지은 것이다.
 문은 앞면 3칸·옆면 2칸 크기이며, 지붕은 옆면에서 볼 때 사람 인(人)자 모양을 한 맞배지붕이다. 지붕 처마를 받치기 위해 장식하여 짠 공포구조가 기둥 위에만 있는 주심포 양식으로 간결한 형태로 꾸몄다. 앞면 3칸에는 커다란 널판문을 달았으며, 기둥은 가운데 부분이 볼록한 배흘림 형태이다.
 간결하고 소박하지만 세부건축 재료에서 보이는 세련된 조각 솜씨는 고려시대 건축양식의 특징을 잘 보여주고 있다.",http://www.cha.go.kr/unisearch/images/national_treasure/1612074.jpg
11,00520000,38,합천 해인사 장경판전,"경남 합천군 가야면 해인사길 122, 해인사 (치인리)",조선 성종19년(1488),"가야산 중턱에 자리잡은 해인사는 통일신라 애장왕 3년(802)에 지은 사찰로, 왕후의 병을 부처의 힘으로 치료해 준 것에 대한 감사의 뜻으로 지었다고 한다. 우리나라 3대 사찰 중 하나이며, 8만대장경을 보관하고 있기 때문에 법보사찰이라고도 부른다.
 장경판전은 고려시대에 만들어진 8만여장의 대장경판을 보관하고 있는 건물로, 해인사에 남아있는 건물 중 가장 오래 되었다. 처음 지은 연대는 정확히 알지 못하지만, 조선 세조 3년(1457)에 크게 다시 지었고 성종 19년(1488)에 학조대사가 왕실의 후원으로 다시 지어 ‘보안당’이라고 했다는 기록이 있다. 산 속 깊은 곳에 자리잡고 있어 임진왜란에도 피해를 입지 않아 옛 모습을 유지하고 있으며, 광해군 14년(1622)과 인조 2년(1624)에 수리가 있었다.
 앞면 15칸·옆면 2칸 크기의 두 건물을 나란히 배치하였는데, 남쪽 건물은 ‘수다라장’이라 하고 북쪽의 건물은 ‘법보전’이라 한다. 서쪽과 동쪽에는 앞면 2칸·옆면 1칸 규모의 작은 서고가 있어서, 전체적으로는 긴 네모형으로 배치되어 있다. 대장경판을 보관하는 건물의 기능을 충분히 발휘할 수 있도록 장식 요소는 두지 않았으며, 통풍을 위하여 창의 크기를 남쪽과 북쪽을 서로 다르게 하고 각 칸마다 창을 내었다. 또한 안쪽 흙바닥 속에 숯과 횟가루,소금을 모래와 함께 차례로 넣음으로써 습도를 조절하도록 하였다.
 자연의 조건을 이용하여 설계한 합리적이고 과학적인 점 등으로 인해 대장경판을 지금까지 잘 보존할 수 있었다고 평가 받고 있다.
 합천 해인사 장경판전은 15세기 건축물로서 세계 유일의 대장경판 보관용 건물이며, 1995년 12월 유네스코 세계문화유산으로 등재되었다.",http://www.cha.go.kr/unisearch/images/national_treasure/1613038.jpg
11,00530000,36,구례 연곡사 동 승탑,"전남 구례군 토지면 피아골로 806-16, 연곡사 (내동리) / (지번)전남 구례군 토지면 내동리 산54-1 연곡사",통일신라시대,"탑이 부처의 사리를 모시는 곳이라면, 승탑은 유명했던 스님들의 사리를 두는 곳이다. 승탑의 구성은 석탑과 같아서, 기단(基壇) 위에 사리를 모시는 탑신(塔身)을 두고 그 위에 머리장식을 얹는다.
 이 승탑은 연곡사의 동쪽에 네모난 바닥돌위로 세워져 있으며, 전체적으로 8각형을 기본으로 하고 있다. 연곡사는 고려 전기까지 스님들이 선(禪)을 닦는 절로 이름이 높았는데, 이 때문인지 이곳에는 이 승탑 외에도 구례 연곡사 소요대사탑(보물), 구례 연곡사 북 승탑(국보) 등 2기가 더 있다. 동 승탑은 그 중 형태가 가장 아름답고 우아한 작품이다.
 기단(基壇)은 세 층으로 아래받침돌, 가운데받침돌, 윗받침돌을 올렸다. 아래받침돌은 두 단인데, 구름에 휩싸인 용과 사자모양을 각각 조각해 놓았다. 가운데받침돌에는 둥근 테두리를 두르고, 부처님의 설법을 들으러 몰려든다는 8부중상(八部衆像)을 새겼다. 윗받침돌 역시 두 단으로 나뉘어 두 겹의 연꽃잎과 기둥모양을 세밀하게 묘사해 두었는데, 이 부분에 둥근 테를 두르고 그 안에 불교의 낙원에 사는 극락조인 가릉빈가(伽陵頻迦)를 새겨둔 점이 독특하다. 
 탑신(塔身)은 몸돌의 각 면에 테두리를 두르고, 그 속에 향로와 불법을 수호하는 방위신인 4천왕상(四天王像)을 돋을새김해 두었는데, 그 수법이 그리 훌륭하지는 못하다. 지붕돌에는 서까래와 기와의 골을 새겼으며, 기와를 끝맺음할 때 두는 막새기와까지 표현할 정도로 수법이 정교하다. 머리장식으로는 날개를 활짝 편 봉황과 연꽃무늬를 새겨 아래위로 쌓아 놓았다.
 도선국사의 승탑이라고 전해지고 있으나 확실한 것은 알 수가 없으며, 일제 때 동경대학으로 반출될 뻔한 위기도 있었지만 다행히도 제자리를 지키고 있다. 기단이 좀 높아 보이기는 하나 전체적으로 안정된 비례감을 잃지 않으면서 훌륭한 조각수법을 보이고 있어 통일신라 후기를 대표할 만한 우수한 작품으로 평가받고 있다.",http://www.cha.go.kr/unisearch/images/national_treasure/1612474.jpg
11,00540000,36,구례 연곡사 북 승탑,"전남 구례군 토지면 피아골로 806-16, 연곡사 (내동리) / (지번)전남 구례군 토지면 내동리 산54-1 연곡사",고려시대 초기,"부처님의 사리를 모시는 곳이 탑이라면, 수행이 높았던 스님의 사리를 두는 곳이 승탑이다. 구성은 석탑과 비슷해서, 기단(基壇) 위에 사리를 모시는 탑신(塔身)을 두고 그 위에 머리장식을 얹게 된다.
 이 승탑은 연곡사 내의 북쪽 산 중턱에 네모나게 둔 바닥돌 위로 세워져 있으며, 전체적으로 8각형을 기본으로 하고 있다. 연곡사는 고려 초까지 스님들이 선(禪)을 닦는 절로 이름이 높았는데, 이 때문인지 이 곳에는 북 승탑 외에도 구례 연곡사 동 승탑(국보), 구례 연곡사 소요대사탑(보물) 등이 더 모셔져 있다. 북 승탑은 그 중에서 가장 형태가 아름다운 동 승탑을 본떠 건립한 것으로 보이는데, 크기와 형태는 거의 같고, 단지 세부적인 꾸밈에서만 약간의 차이가 있다.
 기단은 세 층으로 아래받침돌, 가운데받침돌, 윗받침돌을 올렸다. 아래받침돌은 2단으로, 아래에는 구름무늬를, 위에는 두 겹으로 된 16잎의 연꽃무늬를 각각 새겨두었다. 윗받침돌 역시 두 단으로 나누어 연꽃과 돌난간을 아래위로 꾸몄다. 특히 윗단에는 둥근 테를 두르고, 그 속에 불교의 낙원에 산다는 극락조인 가릉빈가(伽陵頻迦)를 돋을새김해 두었다. 탑신의 몸돌은 각 면에 향로와 불법을 수호하는 방위신인 4천왕상(四天王像) 등을 꾸며놓았다. 지붕돌에는 서까래와 기와의 골을 새겼는데, 동 승탑과 마찬가지로 기와 끝에 막새기와의 모양을 새겨두었다. 머리장식으로는 날개를 활짝 편 네 마리의 봉황과 연꽃무늬를 새긴 돌이 온전하게 남아있다.
 승탑에 기록이 남아 있지 않아 어떤 스님을 기리기 위한 것인지 알 수 없어 ‘북 승탑’이라고만 부르고 있다. 동 승탑이 통일신라시대 후기에 만들어진 반면에 북 승탑은 그 후인 고려 전기에 건립된 것으로 보이며, 8각형 승탑을 대표할 만한 훌륭한 작품이다.",http://www.cha.go.kr/unisearch/images/national_treasure/1612492.jpg
11,00550000,33,보은 법주사 팔상전,"충북 보은군 속리산면 법주사로 379, 법주사 (사내리)",조선 인조 2년(1625),"법주사는 신라 진흥왕 14년(553)에 인도에서 공부를 하고 돌아온 승려 의신이 처음 지은 절이다. 법주사 팔상전은 우리나라에 남아 있는 유일한 5층 목조탑으로 지금의 건물은 임진왜란 이후에 다시 짓고 1968년에 해체·수리한 것이다. 벽 면에 부처의 일생을 8장면으로 구분하여 그린 팔상도(八相圖)가 그려져 있어 팔상전이라 이름 붙였다.
 1층과 2층은 앞·옆면 5칸, 3·4층은 앞·옆면 3칸, 5층은 앞·옆면 2칸씩으로 되어 있고, 4면에는 돌계단이 있는데 낮은 기단 위에 서 있어 크기에 비해 안정감을 준다. 지붕은 꼭대기 꼭지점을 중심으로 4개의 지붕면을 가진 사모지붕으로 만들었으며, 지붕 위쪽으로 탑 형식의 머리장식이 달려 있다.
 건물의 양식 구조가 층에 따라 약간 다른데, 1층부터 4층까지는 지붕 처마를 받치기 위해 장식하여 짠 공포구조가 기둥 위에만 있는 주심포 양식이고, 5층은 기둥과 기둥 사이에도 공포를 설치한 다포 양식으로 꾸몄다. 건물 안쪽은 사리를 모시고 있는 공간과 불상과 팔상도를 모시고 있는 공간, 그리고 예배를 위한 공간으로 이루어져 있다.
 법주사 팔상전은 지금까지 남아 있는 우리 나라의 탑 중에서 가장 높은 건축물이며 하나뿐인 목조탑이라는 점에서 중요한 의미를 갖는다.",http://www.cha.go.kr/unisearch/images/national_treasure/1612155.jpg
11,00560000,36,순천 송광사 국사전,"전남 순천시 송광면 송광사안길 100, 송광사 (신평리) / (지번)전남 순천시 송광면 신평리 12 송광사",조선시대 초기,"조계산에 있는 송광사는 우리나라 3대 사찰 중 하나로 매우 유서 깊은 절이다. ‘송광’이라는 절 이름은 조계산의 옛 이름인 송광산에서 따 왔다고 하는데, 절을 언제 세웠는지 정확한 자료는 없고 신라 말기에 체징이 세웠다는 기록이 있다.
 송광사 국사전은 나라를 빛낸 큰 스님 16분의 영정을 모시고 그 덕을 기리기 위해 세운 건물로, 옛날에는 참선을 하던 곳이었다. 고려 공민왕 18년(1369)에 처음 지었고, 그 뒤 두 차례에 걸쳐 보수하였다.
 앞면 4칸·옆면 3칸 크기이며 지붕은 옆면에서 볼 때 사람 인(人)자 모양인 맞배지붕으로, 지붕 처마를 받치기 위해 장식하여 짜은 구조가 기둥 위에만 있는 주심포 양식이다. 건물 안의 천장은 우물 정(井)자 모양의 천장으로 꾸미고 연꽃무늬로 장식하였는데, 천장의 연꽃무늬와 대들보의 용무늬는 건물을 지을 당시의 모습을 그대로 보존하고 있는 것으로 보인다.
 건축 구조상 조선 초기 양식을 지니고 있는 이 건물은 순천 송광사 하사당(보물)과 같은 시대에 지은 것으로 짐작되며, 소박하고 아담한 형태와 그 기법에서도 주심포 중기 형식의 표준이라고 할 만한 중요한 건축물이다.",http://www.cha.go.kr/unisearch/images/national_treasure/1612507.jpg
11,00570000,36,화순 쌍봉사 철감선사탑,"전라남도 화순군 쌍산의로 459 (이양면, 쌍봉사)",통일신라 경문왕8년(869),"쌍봉사(雙峰寺)에 세워져 있는 철감선사의 탑이다. 철감선사는 통일신라시대의 승려로, 28세 때 중국 당나라로 들어가 불교를 공부하였다. 문성왕 9년(847) 범일국사(梵日國師)와 함께 돌아와 풍악산에 머무르면서 도를 닦았으며, 경문왕대에 이 곳 화순지역의 아름다운 산수에 이끌려 절을 짓게 되는데, ‘쌍봉’인 그의 호를 따서 ‘쌍봉사’라 이름하였다. 경문왕 8년(868) 71세로 이 절에서 입적하니, 왕은 ‘철감’이라는 시호를 내리어 탑과 비를 세우도록 하였다. 
 탑은 전체가 8각으로 이루어진 일반적인 모습이며, 대부분 잘 남아 있으나 아쉽게도 꼭대기의 머리장식은 없어진 상태이다. 탑의 무게를 지탱하고 있는 기단(基壇)은 밑돌·가운데돌·윗돌의 세 부분으로 갖추어져 있으며, 특히 밑돌과 윗돌의 장식이 눈에 띄게 화려하다. 2단으로 마련된 밑돌은 마치 여덟마리의 사자가 구름위에 앉아 있는 모습으로, 저마다 다른 자세를 취하고 있으면서도 시선은 앞을 똑바로 쳐다보고 있어 흥미롭다. 윗돌 역시 2단으로 두어 아래에는 연꽃무늬를 두르고, 윗단에는 불교의 낙원에 산다는 극락조인 가릉빈가(伽陵頻迦)가 악기를 타는 모습을 도드라지게 새겨두었다. 사리가 모셔진 탑신(塔身)은 몸돌의 여덟 모서리마다 둥근 기둥모양을 새기고, 각 면마다 문짝모양, 사천왕상(四天王像), 비천상(飛天像) 등을 아름답게 조각해 두었다. 지붕돌에는 특히 최고조에 달한 조각 솜씨가 유감없이 발휘되어 있어서, 낙수면에는 기왓골이 깊게 패여 있고, 각 기와의 끝에는 막새기와가 표현되어 있으며, 처마에는 서까래까지 사실적으로 표현되어 있다.
 탑을 만든 시기는 선사가 입적한 해인 통일신라 경문왕 8년(868) 즈음일 것으로 추정된다. 조각 하나하나를 조심스럽게 다듬은 석공의 정성이 고스란히 전해져 오는 작품으로, 당시에 만들어진 탑 가운데 최대의 걸작품이라 할 수 있다.",http://www.cha.go.kr/unisearch/images/national_treasure/1612517.jpg
11,00580000,34,청양 장곡사 철조약사여래좌상 및 석조대좌,충남 청양군 대치면 장곡리 14번지 장곡사,통일신라 후반,"충청남도 청양군 칠갑산에 자리잡은 장곡사 상대웅전(보물) 안에 모셔져 있는 철불좌상으로, 나무로 된 광배(光背)를 배경으로 거대한 사각형의 돌로 만든 대좌(臺座) 위에 높직하게 앉아 있다.
 머리 위에는 상투 모양의 머리(육계)가 아담하게 표현되어 있고, 얼굴은 둥글고 단아한 모습이다. 신체는 건장하고 당당한 편이지만 양감이 풍부하지 않고 탄력적인 부피감도 줄어 들어 9세기 후반에 만들어진 불상임을 알 수 있다. 오른손은 손끝이 땅을 향하도록 하고 있으며, 무릎 위에 놓인 왼손에는 약항아리가 얹혀 있었다고 하지만 지금은 없다. 오른쪽 어깨를 드러내고 왼쪽 어깨만을 감싼 옷은 느슨하게 처리되었고, 옷주름 또한 드문드문 표현되었다.
 4각형의 대좌는 불상보다 훨씬 장엄한 모습을 보여주고 있다. 상·중·하 3단 형태의 이 대좌는 하대가 넓고 높은 반면에 중대와 상대는 상대적으로 낮고 작은 편이다. 바닥돌은 매우 넓은 편인데, 사방 모서리에 기둥을 세운 흔적이 있어 불상을 모시던 공간이 있었음을 알 수 있다. 하대에는 엎어 놓은 연꽃무늬를 새기고 각 모서리에는 귀꽃을 큼직하게 조각하였다. 중대의 각면에는 큼직한 눈모양의 안상(眼象)을 새기고, 상대에는 활짝 핀 연꽃무늬를 조각하였다.
 광배는 원래 돌로 되었을 것이나 파손되어 조선시대에 나무광배로 대체한 것 같다. 광배 중심부에는 꽃무늬, 주변에는 불꽃무늬를 새기고 있어 신라말과 고려초에 유행하던 광배를 모방하여 만든 것으로 여겨진다.
 이 불상은 특이한 탑 모양의 대좌와 감실형의 구조, 그리고 단아한 철불양식을 보여주는 9세기 말 양식을 계승한 10세기 초의 뛰어난 불상으로 평가된다.",http://www.cha.go.kr/unisearch/images/national_treasure/1612252.jpg
11,00590000,32,원주 법천사지 지광국사탑비,강원 원주시 부론면 법천리 산70번지,고려시대,"법천사터에 세워져 있는 지광국사(984∼1070)의 탑비로, 국사가 고려 문종 24년(1070)에 이 절에서 입적하자 그 공적을 추모하기 위해 사리탑인 지광국사탑과 함께 이 비를 세워놓았다. 지광국사탑은 현재 국립문화유산연구원에서 보수중이며 탑비만이 옛 자리를 지키고 있다.
비는 거북받침돌 위로 비몸돌을 세우고 왕관 모양의 머릿돌을 올린 모습이다. 거북은 목을 곧게 세우고 입을 벌린 채 앞을 바라보고 있는데, 얼굴은 거북이라기보다 용의 얼굴에 가까운 형상으로, 턱 밑에는 길다란 수염이 달려 있고 눈을 부릅뜨고 있다. 독특한 무늬가 돋보이는 등껍질은 여러 개의 사각형으로 면을 나눈 후 그 안에 왕(王)자를 새겨 장식하였다. 비몸돌에서 눈에 띄는 것은 양 옆면에 새겨진 화려한 조각인데, 구름과 어우러진 두 마리의 용이 정교하고도 사실적으로 표현되어 있다. 머릿돌은 네 귀가 바짝 들려진 채로 귀꽃을 달고 있는데, 그 중심에 3단으로 이루어진 연꽃무늬 조각을 얹어 놓아 꾸밈을 더하고 있다.
 비문에는 지광국사가 불교에 입문해서 목숨을 다할 때까지의 행장과 공적을 추모하는 글이 새겨져 있다. 비문은 정유산(鄭惟産)이 짓고, 글씨는 안민후(安民厚)가 중국의 구양순체를 기본으로 삼아 부드러운 필체로 썼다.",http://www.cha.go.kr/unisearch/images/national_treasure/1612093.jpg
11,00600000,11,청자 사자형뚜껑 향로,"서울특별시 용산구 서빙고로 137 (용산동6가, 국립중앙박물관)",고려시대(12세기 전반),"고려 청자의 전성기인 12세기경에 만들어진 청자향로로, 높이 21.2㎝, 지름 16.3㎝이다. 향을 피우는 부분인 몸체와 사자 모양의 뚜껑으로 구성되어 있다. 몸체는 3개의 짐승모양을 한 다리가 떠받치고 있는데, 전면에 구름무늬가 가늘게 새겨져 있다. 몸체 윗면 가장자리에도 세 곳에 구름무늬를 배치하였다. 
 뚜껑은 대좌에 앉아있는 사자의 형상이며, 대좌에는 꽃무늬를 시문하였다. 사자의 자세는 뚜껑의 왼쪽에 치우쳐 있어 시각적인 변화에서 오는 조형효과를 노린 것으로 해석된다. 사자는 입을 벌린 채 한쪽 무릎을 구부린 상태에서 앞을 보고있는 자세이며, 두 눈에 검은 점을 찍어서 눈동자를 표현했다. 사자의 목 뒤쪽과 엉덩이 부분에는 소용돌이 모양의 털이 표현되었고, 꼬리는 위로 치켜올려 등에 붙인 모습을 하고 있다.
 유약의 색은 엷은 녹청색으로 광택이 은은하다. 구조적으로 보면 몸체에서 피워진 향의 연기가 사자의 몸을 통하여 벌려진 입으로 내뿜도록 되어있는데, 아름답고 단정하여 이 시기 청자향로의 높은 수준을 보여주고 있다.
 12세기 전반기에 비취색의 청자가 절정에 달하였을 때 이와 같이 상서로운 동물이나 식물을 본뜬 상형청자가 많이 만들어졌다. 특별히 사자향로는 중국 송나라 사람들이 극찬을 하였을 정도로 작품성이 뛰어나다.",http://www.cha.go.kr/unisearch/images/national_treasure/1611463.jpg
11,00610000,11,청자 어룡형 주전자,"서울특별시 용산구 서빙고로 137 (용산동6가, 국립중앙박물관)",고려시대(12세기),"고려 청자의 전성기인 12세기경에 만들어진 청자주전자로 높이 24.4cm, 밑지름 10.3cm이다. 용의 머리와 물고기의 몸을 가진 특이한 형태의 동물을 형상화한 상형의 청자 주전자이다. 
 물을 따르는 부리는 용의 머리모양이고, 이빨과 지느러미, 꼬리 끝에는 백토(白土)를 발랐다. 얼굴의 털이나 지느러미들을 매우 섬세하게 표현하였다. 주전자 몸체에는 비늘이 도드라지게 표현되었고, 중앙부에는 앞뒤로 커다란 갈퀴모양의 옆지느러미가 묘사되었다. 손잡이는 연꽃줄기 모양으로 주전자의 몸체 위로 자연스럽게 늘어져 있고, 뚜껑은 물고기의 꼬리부분을 본떠서 만들었다.
 전체적인 형태를 보면 기이하면서도 각 부위를 갖춘 한 마리의 상상의 동물모습을 하고 있다. 비취빛의 유약색과 더불어 지느러미와 꽃무늬에 나타난 세밀한 음각 표현은 능숙한 솜씨를 보여준다. 이 주전자는 상서로운 동물이나 식물을 모방해서 만든 상형청자 중에서도 매우 기발함을 보여주는 작품이다.",http://www.cha.go.kr/unisearch/images/national_treasure/1611464.jpg
11,00620000,35,김제 금산사 미륵전,"전북 김제시 금산면 모악15길 1, 금산사 (금산리)",조선 인조 13년(1636),"모악산에 자리한 금산사는 백제 법왕 2년(600)에 지은 절로 신라 혜공왕 2년(766)에 진표율사가 다시 지었다.
 미륵전은 정유재란 때 불탄 것을 조선 인조 13년(1635)에 다시 지은 뒤 여러 차례의 수리를 거쳐 오늘에 이르고 있다. 거대한 미륵존불을 모신 법당으로 용화전·산호전·장륙전이라고도 한다. 1층에는 ‘대자보전(大慈寶殿)’, 2층에는 ‘용화지회(龍華之會)’, 3층에는 ‘미륵전(彌勒殿)’이라는 현판이 걸려있다
 1층과 2층은 앞면 5칸·옆면 4칸이고, 3층은 앞면 3칸·옆면 2칸 크기로, 지붕은 옆면에서 볼 때 여덟 팔(八)자 모양인 팔작지붕이다. 지붕 처마를 받치기 위해 장식한 구조가 기둥 위뿐만 아니라 기둥 사이에도 있는 다포 양식이다. 지붕 네 모서리 끝에는 층마다 모두 얇은 기둥(활주)이 지붕 무게를 받치고 있다.
 건물 안쪽은 3층 전체가 하나로 터진 통층이며, 제일 높은 기둥을 하나의 통나무가 아닌 몇 개를 이어서 사용한 것이 특이하다. 전체적으로 규모가 웅대하고 안정된 느낌을 준다.",http://www.cha.go.kr/unisearch/images/national_treasure/1612350.jpg
11,00630000,32,철원 도피안사 철조비로자나불좌상,"강원도 철원군 도피동길 23 (동송읍, 도피안사)",통일신라 경문왕 5년(865),"강원특별자치도 철원군 화개산에 자리잡은 도피안사는 신라 경문왕 5년(865)에 도선대사가 창건하였다. 기록에 의하면 도선대사가 철조비로자나불을 만들어 철원의 안양사(安養寺)에 모시려고 했으나 운반 도중에 불상이 없어져서 찾아보니 도피안사 자리에 앉아 있었다고 한다. 그래서 이곳에 절을 세우고 불상을 모셨다고 한다. 
 신라말에서 고려초에는 철로 만든 불상이 크게 유행했는데, 이 작품은 그 대표적인 예로, 불상을 받치고 있는 대좌(臺座)까지도 철로 만든 보기 드문 작품이다.
 머리에는 작은 소라 모양의 머리칼을 붙여 놓았으며, 갸름한 얼굴은 인자하고 온화한 인상이다. 평판적인 신체에는 굴곡의 표현이 없고, 양 어깨를 감싼 옷에는 평행한 옷주름이 형식적으로 표현되었다. 
 몸에 비해 가냘픈 손은 가슴 앞에서 왼손 검지를 오른손으로 감싸고 있는 모양으로 비로자나불이 취하는 일반적인 손모양이다. 불상이 앉아 있는 대좌는 이 시기에 가장 유행한 형태로, 상대와 하대에는 연꽃무늬를 새겼으며 중대는 8각을 이루고 있다.
 불상 뒷면에 신라 경문왕 5년(865)에 만들었다는 내용의 글이 남아 있어서 만든 연대를 확실하게 알 수 있다. 통일신라 후기에 유행하던 철조비로자나불상의 새로운 양식을 대표하는 작품으로, 능숙한 조형수법과 알맞은 신체 비례를 보여주는 뛰어난 작품이다.",http://www.cha.go.kr/unisearch/images/national_treasure/1612106.jpg
11,00640000,33,보은 법주사 석련지,"충북 보은군 속리산면 법주사로 405-9, 법주사 (사내리)",통일신라시대,"법주사 천왕문을 들어서면 동쪽에 위치한 돌로 만든 작은 연못으로, 연꽃을 띄워 두었다고 한다. 불교에서의 연꽃은 극락세계를 뜻하여 사찰 곳곳에서 이를 본뜬 여러 형상들을 만날 수 있다.
 석련지는 8각의 받침돌 위에 버섯 모양의 구름무늬를 새긴 사잇돌을 끼워서 큼지막한 몸돌을 떠받치고 있는 모습이다. 몸돌은 커다란 돌의 내부를 깎아 만들었는데, 반쯤 피어난 연꽃 모양을 하고 있어 그 쓰임과 잘 어울리며, 외부의 곡선과도 아름다운 조화를 이룬다. 표면에는 밑으로 작은 연꽃잎을 돌려 소박하게 장식하였고, 윗부분에는 큼지막한 연꽃잎을 두 겹으로 돌린 후 그 안으로 화사한 꽃무늬를 새겨두었는데, 현재는 균열되어 철제 꺾쇠로 연결해 놓았다. 입구 가장자리에는 낮은 기둥을 세워 둥글게 난간을 이루었는데, 그 위로도 짧은 기둥을 새긴 후 난간 모양이 되도록 조각해 놓아 마치 난간이 두 줄로 된 듯하다. 윗난간에 세워진 기둥은 아주 기발한 착상이라 할 수 있는데, 불국사 다보탑에 새겨진 돌난간의 기둥과도 비슷하여 예스러움을 간직하고 있다. 밑의 난간벽에는 여러가지 무늬를 새겨 놓아 화려함을 한층 더 살려준다.
 8세기경에 제작된 통일신라시대의 작품으로, 절제된 화려함 속에 우아함이 피어나는 아름다운 자태는 석련지의 대표작이라 불리울 만하다.",http://www.cha.go.kr/unisearch/images/national_treasure/1612165.jpg
11,00650000,11,청자 기린형뚜껑 향로,"서울특별시 성북구 성북로 102-11 (성북동, 간송미술관)",고려시대(12세기),"고려청자의 전성기인 12세기경에 만들어진 청자향로로 높이는 20㎝이다. 향을 피우는 부분인 몸체와 상상속의 동물인 기린이 꿇어 앉아있는 모습을 한 뚜껑으로 구성되어 있다. 
 몸체는 윗부분이 넓게 바깥쪽으로 벌어져 있고 짐승모양을 한 3개의 다리가 떠받치고 있다. 몸통에는 구름무늬가 장식되었고 윗면 가장자리에도 세 곳에 구름무늬가 배치되었으며, 그 위에 뚜껑을 덮도록 하였다. 뚜껑 한복판에는 뒤를 돌아보고 있는 기린이 조각되어 있고, 기린이 앉아있는 자리의 옆면에는 번개무늬가 돌아가며 음각되었다. 기린의 머리에는 뿔이 돋아있으나 부러져 있는 상태이고, 목뒤의 부분은 곱슬곱슬하게 표현하였다. 눈은 검은색 안료를 사용해 점을 찍었다. 구조상 향의 연기는 벌려진 기린의 입을 통하여 뿜어 나오도록 만들어졌다.
 비취색 특유의 은은한 광택이 향로 전체를 품위있게 감싸고 있다.12세기에 비취색의 청자가 절정에 달하였을 때, 이와 같이 상서로운 동물이나 식물을 본뜬 상형청자가 많이 만들어졌다.",http://www.cha.go.kr/unisearch/images/national_treasure/1611465.jpg
11,00660000,11,청자 상감연지원앙문 정병,"서울특별시 성북구 성북로 102-11 (성북동, 간송미술관)",고려시대(12세기),"고려시대의 청자 정병으로 높이 37.0㎝, 밑지름 8.9㎝의 크기이다. 원래 정병은 불교에서 모든 악을 씻어 버리는 의식에서 사용하던 용기의 하나로 중국을 거쳐 전해진 서방(西方) 양식이었으나, 고려에 와서 가장 세련되게 나타나게 되었다.
 이 작품은 이러한 유물 중에서도 뛰어난 걸작으로 청아한 담록색 계통의 비취색 유약에 백토(白土) 상감만으로 새겨진 버드나무와 갈대, 연꽃, 원앙새 1쌍을 회화적으로 배치해 놓고 있다. 병 목에는 앞뒤 양면에 모란꽃을 하나씩 상감했다. 물을 따르는 부리는 8각으로 기품있게 만들어 병 목 위에 수직으로 세워 놓았다. 물을 넣는 아가리는 둥근 어깨 한쪽에 아담하게 붙어 있는데, 원래 뚜껑이 있었으나 없어진 상태이다.  
 대체로 이른 시기의 상감청자는 유약이나 바탕흙이 매우 정선되어 있고, 청아한 비취색 유약이 세련미를 보여주는 것이 특색인데, 이러한 바탕 위에 상감무늬가 곁들여졌던 만큼 한층 더 장식 효과를 높일 수 있었다. 이 정병 또한 이러한 이른 시기의 상감청자로 매우 정제되고 세련된 양식을 보여주고 있다.",http://www.cha.go.kr/unisearch/images/national_treasure/1611466.jpg
11,00670000,36,구례 화엄사 각황전,"전남 구례군 마산면 화엄사로 539, 화엄사 (황전리) / (지번)전남 구례군 마산면 황전리 12 화엄사",조선 숙종 23년(1697),"화엄사는 지리산 남쪽 기슭에 있는 절로 통일신라시대에 지었다고 전한다. 조선시대에는 선종대본산(禪宗大本山) 큰절이었는데, 임진왜란 때 완전히 불타버린 것을 인조 때 다시 지어 오늘에 이르고 있다.
 원래 각황전터에는 3층의 장육전이 있었고 사방의 벽에 화엄경이 새겨져 있었다고 하나, 임진왜란 때 파괴되어 만여점이 넘는 조각들만 절에서 보관하고 있다. 조선 숙종 28년(1702)에 장륙전 건물을 다시 지었으며, ‘각황전’이란 이름은 임금(숙종)이 지어 현판을 내린 것이라고 한다.
 이 건물은 신라시대에 쌓은 것으로 보이는 돌기단 위에 앞면 7칸·옆면 5칸 규모로 지은 2층 집이다. 지붕은 옆면에서 볼 때 여덟 팔(八)자 모양인 팔작지붕으로, 지붕 처마를 받치기 위해 장식하여 짜은 구조가 기둥 위뿐만 아니라 기둥 사이에도 있는 다포 양식이라 매우 화려한 느낌을 준다. 건물 안쪽은 위·아래층이 트인 통층으로 3여래불상과 4보살상을 모시고 있다. 천장은 우물 정(井)자 모양인데, 벽쪽 사방으로 돌아가면서 경사지게 처리하였다.
 화엄사 각황전은 건물이 매우 웅장하며 건축기법도 뛰어나 우수한 건축 문화유산으로 평가받고 있다.",http://www.cha.go.kr/unisearch/images/national_treasure/1612538.jpg
11,00680000,11,청자 상감운학문 매병,"서울 성북구 성북로 102-11, 간송미술관 (성북동,간송미술관)",고려시대(12세기 후반),"고려 매병(梅甁)은 중국 송(宋)나라 매병에서 유래된 것이지만, 12세기경에 이르러서는 고려만의 풍만하면서도 유연한 선의 아름다움이 나타난다. 이러한 고려 매병의 양식은 이 작품에서 세련미의 극치를 보여주고 있다.
 높이 42.1㎝, 입지름 6.2㎝, 밑지름 17㎝의 크기의 매병의 구연부는 작고 낮으며 밖으로 살짝 벌어져 있다. 어깨는 넓고 당당한 모습을 보여준다. 구연부의 아랫부분에는 꽃무늬를 둘렀으며 굽 위로는 연꽃무늬를 둘렀다. 몸통 전면에는 구름과 학을 새겨 넣었는데, 흑백상감한 원 안에는 하늘을 향해 날아가는 학과 구름무늬를, 원 밖에는 아래쪽을 향해 내려가는 학과 구름무늬를 새겼다. 
 학의 진행방향을 다르게 표현한 것은 도자기 표면이라는 일정한 제약을 넘어 사방으로 공간을 확산시켜 짜여진 구획으로부터의 자유로움을 추구한 듯하다. 이같은 표현상의 변화 추구와 함께 문양처리의 능숙함에서 고려 도자기의 우수함과 고려인의 창의력을 엿볼 수 있다.",http://www.cha.go.kr/unisearch/images/national_treasure/1611467.jpg
11,00690000,21,심지백 개국원종공신녹권,"부산광역시 서구 구덕로 (부민동2가, 동아대학교부민캠퍼스) 동아대학교박물관",조선 태조 6년(1397),"조선 태조 6년(1397) 10월에 공신도감(功臣都監)에서 왕의 명령을 받아 심지백(沈之伯)에게 내린 문서로, 공신임을 입증하는 내용을 담고 있다. 크기는 가로 140㎝, 세로 30.5㎝이며, 원래는 함경남도 단천군 파도면 심씨 집안에서 물려 내려오던 것이다.
 개국원종공신(開國原從功臣) 제도는 조선시대에 개국공신을 늘리려는 의도에서 만들어진 일종의 새로운 포상제도로, 1392년부터 1397년까지 여러 차례에 걸쳐 1,400여 명에게 봉해졌다. 심지백이 녹권을 받을 때에도 74명이 함께 받았는데, 이때 그들에게 내린 포상으로는 각기 밭 15결(結)을 내렸고, 각 공신의 부모와 처에게는 땅을 주고 벼슬을 내렸으며, 자손에게는 벼슬을 주었다. 이러한 사실은 실록에도 빠져있어 알려지지 않았으나 이 문서에 의하여 비로소 알려지게 되었다.
 이 문서는 조선 전기의 문서로 이두문(吏讀文)이 많이 사용되어 그 문체와 내용이 귀중한 역사적 자료가 되며, 목활자를 이용하여 찍어냈다는 점에서 더욱 중요성이 엿보인다. 또한 조선 전기의 목활자 인쇄물로서 상태가 완전하고 남한에 전해지고 있는 것으로는 이 문서가 으뜸으로 손꼽혀지는데, 두루마리로 되어있는 점에서도 조선 전기의 특징을 엿볼 수 있다. 글자 크기가 일정하지 않고 글자배열이 고르지 않는 등 인쇄가 정교하지는 않으나, 현존하는 목활자 인쇄물이라는 점에서 한국 활자 역사상 매우 귀중한 인쇄자료가 된다.",http://www.cha.go.kr/unisearch/images/national_treasure/1611957.jpg
11,00700000,11,훈민정음,"서울특별시 성북구 성북로 102-11 (성북동, 간송미술관)",조선 세종 28년(1446),"이 책은 새로 창제된 훈민정음을 왕의 명령으로 정인지 등 집현전 학사들이 중심이 되어 세종 28년(1446)에 만든 한문해설서이다. 책이름을 글자이름인 훈민정음과 똑같이 ‘훈민정음’이라고도 하고, 해례가 붙어 있어서 ‘훈민정음 해례본’또는 ‘훈민정음 원본’이라고도 한다. 전권 33장 1책의 목판본이나, 앞 2장은 1940년경에 복원된 부분이다.
 구성을 보면 총 33장 3부로 나누어, 제1부는 훈민정음의 본문을 4장 7면으로 하여 면마다 7행 11자씩, 제2부는 훈민정음해례를 26장 51면 3행으로 하여 면마다 8행 13자씩, 제3부는 정인지의 서문을 3장 6면에 1자 내려싣고, 그 끝에 ‘정통 11년’(1446)이라 명시하고 있다.
『세종실록』에 의하면 훈민정음은 세종 25년(1443)에 왕이 직접 만들었으며, 세종 28년(1446)에 반포한 것으로 되어있는데, 이 책에서 서문과 함께 정인지가 근작(謹作)하였다는 해례를 비로소 알게 되었다. 또한 한글의 제작원리도 확연하게 드러났다.",http://www.cha.go.kr/unisearch/images/national_treasure/1611468.jpg
11,00710000,11,"동국정운 권1, 6","서울특별시 성북구 성북로 102-11 (성북동, 간송미술관)",조선 세종 30년(1448),"조선 세종 때 신숙주, 최항, 박팽년 등이 왕의 명으로 편찬하여 세종 30년(1448)에 간행한 우리나라 최초의 표준음에 관한 책으로, 6권 6책의 활자본이다.
중국의 운(韻)에 관한 책인 『홍무정운』에 대비되는 것으로, ‘동국정운’이란 우리나라의 바른 음이라는 뜻이다. 당시 혼란스럽던 우리나라의 한자음을 바로잡아 통일된 표준음을 정하려는 목적으로  편찬, 간행되었다.
 이 책은 세종 29년(1447) 9월에 완성되자 간행하라는 임금의 명이 있었고, 이듬해인 세종 30년(1448) 11월에 성균관, 사부학당 등에 보급되어, 이 책이 간행되고 보급되었던 시기를 알 수 있다. 
 현재 이 책은 전 6권 가운데 1권과 6권만이 남아있다. 내용을 보면 본문의 큰 글자는 나무활자이고, 작은 글자와 서문의 큰 글자는 갑인자이다. 글자체는 큰 글자가 진양대군의 글씨이다.
 우리나라에서 최초로 한자음을 우리의 음으로 표기하였다는 점에서 큰 의의를 가지고 있으며, 국어연구자료로서의 중요성도『훈민정음』과 쌍벽을 이룰 정도로 높이 평가되고 있다. 또한 한자음의 음운체계 연구에 있어서뿐만 아니라, 훈민정음의 글자를 만든 배경이나 음운체계 연구에 있어서 기본자료가 된다.",http://www.cha.go.kr/unisearch/images/national_treasure/1611476.jpg
11,00720000,11,금동계미명삼존불입상,"서울특별시 성북구 성북로 102-11 (성북동, 간송미술관)",삼국시대,"커다란 하나의 광배(光背)를 배경으로 중앙에 본존불과 양 옆에 협시보살을 배치하고 있는 삼존불(三尊佛)이다.
중앙의 본존불은 상투 모양의 머리(육계)가 불상 전체 크기에 비해 크고 높게 표현되었다. 미소를 띤 갸름한 얼굴은 앞으로 약간 숙이고 있으며, 어깨와 가슴은 약간 좁은 듯 하지만 둥글고 강인하게 처리되었다. 양 어깨를 감싸고 있는 옷에는 정면으로 V자형 옷주름이 있으며, 좌우로는 새의 깃같은 옷자락이 뻗치고 있다. 오른손은 손바닥을 정면으로 하고 손끝이 위로 향하고 있으며, 왼손은 손바닥을 정면으로 하고 손끝은 아래를 향하고 있는데 손가락 2개를 구부리고 있는 모습이 특징이다.
 양 옆에 배치한 협시보살은 광배의 끝에 매달리듯 표현하였으며, 세가닥으로 올라간 보관(寶冠)을 쓰고 있다. 신체 표현은 본존불과 비슷하지만, 앞면에서 X자로 교차하고 있는 옷주름과 손모양이 다르다. 불꽃이 타오르는 모양을 가는 선으로 장식한 광배(光背)는 끝이 뾰족한 배(舟) 모양으로, 본존 주위에는 머리광배와 몸광배를 도드라지게 새기고 그 안에 연꽃무늬, 덩쿨무늬, 인동초무늬를 새겼다. 불상이 서 있는 대좌(臺座)는 바닥이 밖으로 퍼진 원통형이며 연꽃이 새겨져 있다.
 금동신묘명삼존불(국보)의 양식과 비슷한 점이 많으며, 중국 남북조시대의 불상 양식을 따르고 있는 이 불상은 광배 뒷면에 새겨진 글에 의해 백제 위덕왕 10년(563)에 만든 것으로 추정된다.",http://www.cha.go.kr/unisearch/images/national_treasure/1611478.jpg
11,00730000,11,금동삼존불감,"서울특별시 성북구 성북로 102-11 (성북동, 간송미술관)",고려시대 초기,"불상을 모시기 위해 나무나 돌, 쇠 등을 깎아 일반적인 건축물보다 작은 규모로 만든 것을 불감(佛龕)이라고 한다. 불감은 그 안에 모신 불상의 양식뿐만 아니라, 당시의 건축 양식을 함께 살필 수 있는 중요한 자료가 된다. 
 이 작품은 높이 18㎝의 작은 불감으로, 청동으로 불감과 불상을 만들고 그 위에 금칠을 하였다. 불감 내부를 살펴보면 난간을 두른 사각형의 기단 위에 본존불과 양 옆에 보살상이 있으며, 그 위에 기둥과 지붕으로 된 뚜껑이 덮혀 있다. 법당 모양의 뚜껑에는 앞면과 양쪽에 커다란 창문이 있어서 안에 모셔진 불상을 잘 볼 수 있도록 하였다.
 본존불은 얼굴이 추상적이고, 양 어깨를 감싸고 있는 옷은 주름을 간략한 선으로 표현했다. 몸 뒤편에 있는 광배(光背)는 머리광배와 몸광배로 나누어져 있으며, 불꽃무늬로 가장자리를 장식하고 있다. 본존불 양 옆의 보살상도 구슬로 장식된 관(冠)을 쓰고 있다는 점을 제외하면 형식이나 표현 수법이 본존불과 유사하다.
 불감은 지금도 금색이 찬란하고 지붕에 녹청색이 남아 있는 등 전체적인 보존 상태가 양호하다. 본존불의 긴 허리, 불규칙하게 나타나는 옷주름, 그리고 보살이 쓰고 있는 구슬로 장식한 관(冠) 등 여러 양식으로 보아 만든 시기는 중국 북방 계통의 영향을 받은 11∼12세기 경으로 추정된다. 이 작품은 고려시대 또는 그 이전의 목조건축 양식과 조각수법을 보여주는 귀중한 예라는 점에서 가치가 크다고 할 수 있다.",http://www.cha.go.kr/unisearch/images/national_treasure/1611479.jpg
11,00740000,11,청자 오리모양 연적,"서울특별시 성북구 성북로 102-11 (성북동, 간송미술관)",고려시대(12세기),"오리 모양으로 만든 고려시대의 청자 연적으로 높이 8㎝, 너비 12.5㎝의 크기이다.
 물위에 뜬 오리가 연꽃줄기를 물고 있으며 연잎과 봉오리는 오리의 등에 자연스럽게 붙어있다. 오리의 등의 연잎으로 장식된 부분에는 구멍이 있어서 물을 넣도록 되어있고, 연꽃 봉오리 모양의 작은 마개를 꽂아서 덮고 있다. 물을 따르는 부리는 오리 주둥이 오른편에 붙어 있는데, 이 부리가 연줄기에 달린 봉오리 끝으로 통했으리라 짐작되지만, 지금은 그 부분이 부서져 있어 원형을 확실히 알 수 없다. 
 이 연적은 오리의 깃털까지도 매우 사실적으로 표현하는 정교한 기법을 보여주고 있으며, 알맞은 크기와 세련된 조각기법, 그리고 비색(翡色)의 은은함을 통해 고려 귀족 사회의 일면을 엿볼 수 있는 훌륭한 작품이다.",http://www.cha.go.kr/unisearch/images/national_treasure/1611481.jpg
11,00750000,38,표충사 청동 은입사 향완,경남 밀양시 단장면 구천리 산31-2번지 표충사,고려 명종 7년(1177),"향완이란 절에서 의식을 행하거나 불단에 올려놓고 향을 피우는데 사용된 공양구이다. 특히 이처럼 완형(盌形)의 몸체에 나팔처럼 벌어진 자리와 원반형 받침을 지닌 형태를 향완이라 불렀다. 경상남도 밀양 표충사에 있는 청동 향완은 높이 27.5㎝, 입지름 26.1㎝의 크기이다. 향완에 무늬를 새기고 그 틈에 은실을 박아서 장식한 은입사(銀入絲) 기술이 매우 정교하면서도 세련된 작품이다.
 향완의 형태는 주둥이 부분에 넓은 전이 달린 몸체와 바깥으로 벌어진 나팔모양의 받침을 갖춘 모습이, 고려시대의 전형적인 양식이다. 전과 몸체가 닿는 부분을 둥글게 처리하고 받침 둘레의 가장자리에 얕은 턱을 만들어 안정감을 주었다. 높이나 너비의 비율도 거의 1：1을 이룸으로써 균형잡힌 비례감각을 보여주고 있다. 넓은 전 윗면에는 일정한 간격으로 배치된 6개의 원 안에 ‘범자(梵字)’를 은입사하였으며, 그 사이사이에 구름무늬를 장식하였다. 몸체에도 역시 굵고 가는 여러 선으로 원 안에 굵게 은입사한 ‘범자(梵字)'가 4곳에 배치되어 있다. 받침에는 구름과 용무늬를 장식하였는데, 굵고 가는 선을 이용하여 능숙하게 표현된 용의 모습에서 고려시대 뛰어난 은입사기법을 보여주고 있다.
 넓은 전의 안쪽 면에는 57자의 은입사로 된 명문을 새겼는데, 내용으로 미루어 고려 명종 7년(1177)에 제작된 것임을 알 수 있다. 이는 국내에 남아있는 향완으로는 가장 오래된 것으로, 고려 향완 연구에 귀중한 편년자료이다. 뿐만 아니라 원래 이 향완이 있었던 곳이 현재의 표충사가 아닌 창녕 용흥사였음을 알 수 있지만 언제, 어떻게 해서 표충사에 전래되었는지는 분명치 않다.",http://www.cha.go.kr/unisearch/images/national_treasure/1613066.jpg
11,00760000,34,이순신 난중일기 및 서간첩 임진장초,"충청남도 아산시 현충사길 48 (염치읍, 현충사)",조선 선조 25∼31년,"이 책은 임진왜란(1592∼1598) 때에 이순신(1545∼1598)이 친필로 작성한 일기로 연도별로 7권이다.
 이순신은 28살되던 해에 무인 선발시험인 훈련원별과에 응시했으나, 불행하게도 달리던 말이 거꾸러지는 바람에 실격하였고, 4년 뒤 무과에 급제하여 권지훈련원봉사로 처음 벼슬을 시작했다. 사대부가의 전통인 충효와 문학에 있어서 뛰어났을 뿐 아니라 시(詩)를 짓는데도 특출하였다. 전라좌도 수군절도사를 지내던 때 곧 왜적의 침입이 있을 것에 대비하여 여수를 중심으로 배를 만들고 군비를 늘리는 등 일본의 침략에 대처하였다.
 1592년 임진왜란이 터지자 옥포대첩, 거북선이 최초로 모습을 드러낸 사천해전, 당항포해전, 한산대첩 등 곳곳에서 전승을 거두었고, 정유재란 때에는 명량대첩 등에서 승리를 거두었다. 그가 죽은 후 1604년 선무공신 1등에 올랐고, 영의정에 추증되었으며, 충무(忠武)라는 시호가 내려졌다. 지극한 충성심과 숭고한 인격, 위대한 통솔력으로 위기에 처한 나라를 구하였을 뿐만 아니라 민족사에 독보적으로 길이 남을 인물이다.
 일기의 구성을 보면 제1권은『임진일기』로 선조 25년(1592) 5월 1일부터 선조 26년(1593) 3월까지 27매, 제2권은『계사일기』로 선조 26년(1593) 5월 1일부터 9월 15일까지 30매, 제3권은『갑오일기』로 선조 27년(1594) 1월 1일부터 7월 28일까지 52매, 제4권은『병신일기』로 선조 29년(1596) 1월 1일부터 10월 11일까지 41매, 제5권은『정유일기』로 선조 30년(1597) 4월 1일부터 10월 8일까지 27매, 제6권은『정유일기속』으로 선조 30년(1597) 8월 4일부터 선조 31년(1598) 1월 4일까지 20매이나 약간의 중복된 부분이 있다. 제7권은『무술일기』로 선조 31년(1592) 9월 15일부터 10월 7일까지 8매로 구성되어 있다.
 7년의 난 동안 왜적과 싸우면서 틈틈이 계속하여 쓴 것으로, 후손들이 대대로 보존하여 390여년을 간직해 온 것이다. 이것은『충무공전서』에 수록된 난중일기의 초본으로, 내용중에는 수군통제에 관한 군사비책과 전황을 보고한 장계의 초안 등이 상세히 수록되어 있어 당시 군사제도에 대해 연구가치가 매우 높은 자료로 평가된다.",http://www.cha.go.kr/unisearch/images/national_treasure/1612255.jpg
11,00770000,37,의성 탑리리 오층석탑,경북 의성군 금성면 오층석탑길 5-3 (탑리),통일신라시대,"탑리리 마을에 세워져 있는 통일신라시대의 5층 석탑이다. 낮은 1단의 기단(基壇) 위에 5층의 탑신(塔身)을 세운 모습으로, 돌을 벽돌 모양으로 다듬어 쌓아올린 전탑(塼塔)양식과 목조건축의 수법을 동시에 보여주는 특이한 구조를 가지고 있다.
 기단은 여러 개의 돌로 바닥을 깐 뒤, 목조건축을 본떠 가운데기둥과 모서리기둥 모두를 각각 다른 돌로 구성하였다. 탑신은 1층이 높으며 2층부터는 높이가 급격히 줄어드는 모습을 보이는데, 1층 몸돌에는 불상을 모시는 방인 감실(龕室)을 설치하였다. 지붕돌은 전탑에서 보이는 모습처럼 밑면 뿐만 아니라 윗면까지도 층을 이루고 있는데 윗면이 6단, 아랫면이 5단이다. 지붕돌은 네 귀퉁이가 살짝 들려있어 목조건축의 지붕 끝을 떠올리게 한다.
 각 부분에서 목조건축의 양식을 응용하는 한편, 곳곳에서 전탑의 조성기법을 보여주는 작품이다. 이러한 독특한 특징으로 인해 경주 분황사 모전석탑(국보)과 함께 통일신라 전기의 석탑양식을 연구하는데 귀중한 자료가 되고 있다.",http://www.cha.go.kr/unisearch/images/national_treasure/1612805.jpg
11,00780000,11,금동미륵보살반가사유상(1962-1),"서울특별시 용산구 서빙고로 137 (용산동6가, 국립중앙박물관)",삼국시대,"의자 위에 앉아 오른발을 왼쪽다리 위에 올려 놓고, 오른쪽 팔꿈치를 무릎 위에 올린 채 손가락을 뺨에 댄 모습의 보살상으로 높이는 80㎝이다. 1912년에 일본인이 입수하여 조선총독부에 기증했던 것을 1916년 총독부박물관으로 옮겨졌고, 현재는 국립중앙박물관에서 보관하고 있다. 
 머리에는 화려한 관(冠)을 쓰고 있으며, 여기에서 나온 2가닥의 장식은 좌우로 어깨까지 늘어져 있다. 네모꼴에 가까운 얼굴은 풍만한 느낌을 주며, 광대뼈를 나오게 하고 입가를 들어가게 하여 미소 띤 얼굴을 만들었다. 
 상체는 당당하면서도 곧고 늘씬한 모습이며, 하체에서는 우아한 곡선미를 느낄 수 있다. 늘씬한 팔이나 체구에 비해서 손이나 발은 상대적으로 큼직한 편이다. 전체적으로 탄력이 있고 매끄러우며 부드럽고 율동적이어서 보살상의 우아한 모습을 한층 더 돋보이게 한다. 목 뒤로 돌아 양 어깨를 감싼 천의(天衣)는 새의 깃털처럼 치켜 올라갔다가 다시 가슴쪽으로 흘려내려 왼쪽 다리에서 교차한 다음, 양 무릎을 지나 두 팔을 감아 내렸다. 하체에 입은 치마는 다소 두툼해 보이는데 U자형 주름이 능숙하게 새겨져 있다.
 왼발을 올려 놓은 타원형의 대좌(臺座)에는 연꽃 무늬가 새겨져 있으며, 머리 뒷부분에 흔적만 있을 뿐 광배(光背)는 없어진 상태이다.
 1963년 방사선 투과법으로 촬영한 결과 내부의 결함이나 고친 흔적이 없으며, 재질이나 만든 기법이 매우 특이함이 밝혀졌다. 전체적으로 균형잡힌 자세, 아름다운 옷주름, 명상에 잠긴 듯한 오묘한 얼굴 등으로 보아 한국적 보살상을 성공적으로 완성시킨 6세기 중엽이나 그 직후의 작품으로 생각된다.",http://www.cha.go.kr/unisearch/images/national_treasure/1611483.jpg
11,00790000,11,경주 구황동 금제여래좌상,"서울특별시 용산구 서빙고로 137 (용산동6가, 국립중앙박물관)",통일신라시대 초기,"1942년 착수된 경주 황복사지 삼층석탑(국보) 해체수리 공사시 나온 사리함에서 경주 구황동 금제여래입상(국보)과 함께 발견되었다. 사리함에 새겨진 글에 의하면 통일신라 성덕왕 5년(706)에 사리함 속에 순금으로 된 6치 크기의 아미타상을 넣었다고 하는데 바로 그 불상으로 추측되나, 이를 위해서는 당시의 도량형에 대한 추가적인 연구가 필요하다.

 광배(光背)와 불신(佛身), 연꽃무늬 대좌(臺座)의 3부분으로 되어 있으며, 각 부분은 분리되도록 만들었다. 민머리 위에는 상투 모양의 머리(육계)가 큼직하게 솟아 있으며, 둥근 얼굴은 원만하다. 눈·코·입은 뚜렷하고 균형이 잡혀 있어 통일신라시대 불상의 이상적인 모습에 접근하고 있다. 어깨는 넓고 당당하며, 양어깨를 덮은 대의는 가슴을 크게 열었고, 그 안에 대각선으로 내의를 걸쳐 입었다.  불상이 앉아 있는 대좌에 흘러내린 옷자락은 좌우대칭으로 정돈되어 길게 늘어져 있다. 오른손은 어깨 높이로 들어 손바닥을 보이고 있고, 무릎 위의 왼손은 손끝이 땅을 향하도록 하여 손등을 보이고 있다. 
 머리광배에는 연꽃무늬를 중심으로 인동초·당초무늬·덩쿨무늬와 그 가장자리에 불꽃 무늬가 뚫을새김되어 있고, 몸광배에는 인동초·당초무늬와 덩쿨무늬를 이중으로 뚫을새김하였다. 대좌는 원형이며 엎어 놓은 연꽃무늬가 새겨져 있다. 
 미소 띤 얼굴에 뚜렷한 이목구비와 균형잡힌 몸매를 지녀 더욱 위엄있게 보이는 이 불상은 손모양이나 옷주름, 양감이 강조된 표현 등에서 8세기 초 불상의 양식과 성격을 연구하는데 매우 중요한 자료가 되고 있다.",http://www.cha.go.kr/unisearch/images/national_treasure/1611486.jpg
11,00800000,11,경주 구황동 금제여래입상,"서울특별시 용산구 서빙고로 137 (용산동6가, 국립중앙박물관)",통일신라시대 초기,"경주구황리금제여래좌상(국보)과 함께 경주 황복사지 삼층석탑(국보)에 안치된 사리함 속에서 발견된 불상이다. 전체 높이 14㎝의 순금으로 만든 불상이며 대좌(臺座)와 광배(光背)를 모두 갖추고 있다.  
 민머리 위에는 상투 모양의 머리(육계)가 큼직하게 솟아 있고, 갸름한 얼굴은 양감이 있고 자비롭다.  눈은 정면을 바라보고 있으며, 콧날은 날카롭고 입가에는 미소가 번져 있다.
 약간 좁은 어깨에는 두껍게 표현된 옷을 걸치고 있는데, 앞면에는 U자형의 옷주름을 새기고 있다. 치마는 발목 부분에서 양쪽으로 약간 퍼진 모습을 보여주고 있어서, 삼국시대의 불상 양식이 아직 남아 있는 모습이다. 오른손은 들어 손바닥을 보이고, 왼손은 옷자락을 잡고 있다. 
 부처의 몸에서 나오는 빛을 상징하는 광배는 머리 뒤에 원형으로 표현하였는데, 불꽃무늬에 둘러싸여 전체적으로 보주형(寶珠形)을 띤다. 원 안의 연꽃무늬를 중심으로 빛이 뻗어나가는 모양을 하고 있으며, 가장자리의 불꽃무늬는 섬세하게 뚫을새김하였다. 대좌는 따로 만들어 끼운 것으로 12각의 받침 위에 엎어 놓은 연꽃무늬를 큼직하게 새겼다. 
 머리와 신체의 적당한 비례, 옷주름의 형태 등을 볼 때, 삼국시대 후기의 불상에서 좀 더 발전한 통일신라 초기 새로운 양식의 불상으로 보인다. 사리함에 새겨진 글을 통해 692년에 탑을 건립할 때 넣은 것으로 추정되는 이 불상은 만든 연대가 거의 확실하여 통일신라시대 불상 연구에 있어 중요한 기준이 되고 있다.",http://www.cha.go.kr/unisearch/images/national_treasure/1611487.jpg
11,00810000,11,경주 감산사 석조미륵보살입상,"서울특별시 용산구 서빙고로 137 (용산동6가, 국립중앙박물관)",통일신라 성덕왕 19년(720),"경상북도 월성군에 있는 감산사는 신라 성덕왕 18년(719)에 김지성이 부모의 명복을 빌고, 국왕과 왕족의 안녕을 기원하기 위해 창건한 사찰이다. 창건한 해에 그는 어머니를 위해 미륵보살을, 아버지를 위해 아미타불을 만들었다고 한다. 현재 국보로 지정된 경주 감산사 석조미륵보살입상과 경주 감산사 석조아미타불입상은 국립중앙박물관에서 보관하고 있다.
 석조미륵보살입상은 머리에 화려하게 장식된 관(冠)을 쓰고 있으며, 얼굴은 볼이 통통하여 원만한 인상이다. 목에는 2줄의 화려한 목걸이가 새겨져 있고, 목에서 시작된 구슬 장식 하나가 다리까지 길게 늘어져 있다. 
 왼쪽 어깨에 걸치고 있는 옷은 오른쪽 겨드랑이를 지나 오른팔에 감긴 채 아래로 늘어져 있다. 허리 부근에서 굵은 띠장식으로 매어 있는 치마는 부드러운 곡선을 그리면서 발목까지 내려오고 있다. 몸에서 나오는 빛을 상징하는 광배(光背)는 불꽃무늬가 새겨진 배(舟) 모양이며, 3줄의 도드라진 선으로 머리광배와 몸광배를 구분하였다. 불상이 서 있는 대좌(臺座)는 하나의 돌로 만들었는데, 맨 아래가 8각이고, 그 위에는 엎어 놓은 연꽃무늬와 활짝 핀 연꽃무늬를 간략하고 큼직하게 새기고 있다. 
 광배 뒷면에는 신라 성덕왕 18년(719)에 불상을 조각하였다는 기록이 새겨져 있는데, 이 글을 통해서 만들어진 시기와 유래를 알 수 있다. 돌로 만들었음에도 풍만한 신체를 사실적으로 능숙하게 표현하고 있어 통일신라시대부터 새로이 유행하는 국제적인 양식을 잘 보여주고 있는 작품으로 평가된다.",http://www.cha.go.kr/unisearch/images/national_treasure/1611488.jpg
11,00820000,11,경주 감산사 석조아미타여래입상,"서울특별시 용산구 서빙고로 137 (용산동6가, 국립중앙박물관)",통일신라시대,"경상북도 경주시에 있는 감산사는 신라 성덕왕 18년(719)에 김지성이 부모의 명복을 빌고, 국왕과 왕족의 안녕을 기원하기 위해 창건한 사찰이다. 창건 후 그는 어머니를 위해 미륵보살을, 아버지를 위해 아미타불을 만들었다고 한다. 현재는 두 불상은 국보로 지정되어 경주 감산사 석조미륵보살입상, 경주 감산사 석조아미타불입상이라는 명칭으로 국립중앙박물관에 보관하고 있다.
 석조아미타불입상은 전체적으로 균형과 조화를 이루고 있으며, 인체 비례에 가까운 사실적 표현을 하고 있는 작품이다. 불상의 얼굴은 풍만하고 눈·코·입의 세부표현도 세련되어 신라적인 얼굴을 사실적으로 묘사하고 있다.
 신체는 비교적 두꺼운 옷 속에 싸여 있어서 가슴의 두드러진 표현은 없지만, 당당하고 위엄이 넘쳐 부처님의 모습을 인간적으로 표현하고자 한 의도를 엿볼 수 있다.
 양 어깨를 감싸고 있는 옷은 온 몸에 걸쳐서 U자형의 옷주름을 나타내고 있다. 목에는 한번 뒤집힌 옷깃을 표현했는데 이는 신라 불상의 특징으로, 불상의 전체적인 형태와 함께 불상을 박진감있게 보이게 하는 요소가 된다.
 불신 뒤의 광배(光背)는 배(舟) 모양이며 가장자리에는 불꽃이 타오르는 모양을 새겼다. 광배 안에는 3줄의 선을 도드라지게 새겨 머리광배와 몸광배로 구별하고 있으며, 몸광배 안에는 꽃무늬를 새겨 넣었다. 불상이 서 있는 대좌(臺座)는 맨 아래가 8각이고, 그 위에는 엎어 놓은 연꽃무늬와 활짝 핀 연꽃무늬를 간략하고 큼직하게 새기고 있다.
 통일신라시대의 이상적 사실주의 양식을 보여주는 가장 대표적인 예일 뿐 아니라, 광배 뒤의 기록에 의해 만든 시기와 만든 사람을 분명하게 알 수 있는 불상으로 우리나라 불교 조각사에서 매우 중요한 위치를 차지하고 있는 작품이다.",http://www.cha.go.kr/unisearch/images/national_treasure/1611490.jpg
11,00830000,11,금동미륵보살반가사유상(1962-2),"서울특별시 용산구 서빙고로 137 (용산동6가, 국립중앙박물관)",삼국시대,"국립중앙박물관에 있는 금동미륵보살반가사유상(국보)과 함께 국내에서는 가장 큰 금동반가사유상으로 높이가 93.5㎝이다. 1920년대에 경주에서 발견되었다고 전하나 근거가 없으며, 머리에 3면이 둥근 산 모양의 관(冠)을 쓰고 있어서 ‘삼산반가사유상(三山半跏思惟像)’으로도 불린다.
 얼굴은 거의 원형에 가까울 정도로 풍만하고 눈두덩과 입가에서 미소를 풍기고 있다. 상체에는 옷을 걸치지 않았고, 목에 2줄의 목걸이가 있을 뿐 아무런 장식이 없다. 왼발은 내려서 작은 연꽃무늬 대좌(臺座)를 밟고 있고, 오른발은 왼쪽 무릎 위에 얹어 놓았다. 왼손으로는 오른 발목을 잡고 오른손은 팔꿈치를 무릎에 얹었으며, 손가락으로 턱을 살며시 괴고 있다. 하반신을 덮은 치맛자락은 매우 얇게 표현하여 신체 굴곡이 잘 드러나며, 연꽃무늬 대좌를 덮은 옷자락은 깊고 자연스럽게 조각되었다. 왼쪽으로 옥을 꿴 치마의 띠가 내려가고 있으며, 머리 뒷부분에는 긴 촉이 달려 있어 광배(光背)를 꽂았음을 알 수 있다. 
 단순하면서도 균형잡힌 신체 표현과 자연스러우면서도 입체적으로 처리된 옷주름, 분명하게 조각된 눈·코·입의 표현은 정교하게 다듬어진 조각품으로서의 완벽한 주조 기술을 보여준다. 잔잔한 미소에서 느껴지는 반가상의 자비로움은 우수한 종교 조각으로서의 숭고미를 더해준다. 국보 금동미륵보살반가사유상보다 연대가 내려와 삼국시대 후기에 만든 것으로 추정된다.",http://www.cha.go.kr/unisearch/images/national_treasure/1611492.jpg
11,00840000,34,서산 용현리 마애여래삼존상,충남 서산시 운산면 용현리 2-10번지 / (도로명)운산면 마애삼존불로 65-13,백제시대 후기,"충청남도 서산시 운산면 가야산 계곡을 따라 들어가면 층암절벽에 거대한 여래입상을 중심으로 오른쪽에는 보살입상, 왼쪽에는 반가사유상이 조각되어 있다. 흔히 ‘백제의 미소’로 널리 알려진 이 마애불은 암벽을 조금 파고 들어가 불상을 조각하여 형성되었다.
 연꽃잎을 새긴 대좌(臺座) 위에 서 있는 여래입상은 살이 많이 오른 얼굴에 반원형의 눈썹, 살구씨 모양의 눈, 얕고 넓은 코, 미소를 띤 입 등을 표현하였는데, 전체 얼굴 윤곽이 둥글고 풍만하여 백제 불상 특유의 자비로운 인상을 보여준다. 옷은 두꺼워 몸의 윤곽이 드러나지 않으며, 앞면에 U자형 주름이 반복되어 있다. 둥근 머리광배 중심에는 연꽃을 새기고, 그 둘레에는 불꽃무늬를 새겼다. 
 머리에 관(冠)을 쓰고 있는 오른쪽의 보살입상은 얼굴에 본존과 같이 살이 올라 있는데, 눈과 입을 통하여 만면에 미소를 띠고 있다. 천의를 걸치지 않은 상체는 목걸이만 장식하고 있고, 하체의 치마는 발등까지 길게 늘어져 있다. 
 왼쪽의 반가상 역시 만면에 미소를 띤 둥글고 살찐 얼굴이다. 두 팔은 크게 손상을 입었으나 왼쪽 다리 위에 오른쪽 다리를 올리고, 왼손으로 발목을 잡고 있는 모습, 오른쪽 손가락으로 턱을 받치고 있는 모습에서 세련된 조각 솜씨를 볼 수 있다. 
 반가상이 조각된 이례적인 이 삼존상은『법화경』에 나오는 석가와 미륵, 제화갈라보살을 표현한 것으로 추정된다. 본존불의 묵직하면서 당당한 체구와 둥근 맛이 감도는 윤곽선, 보살상의 세련된 조형 감각, 그리고 공통적으로 나타나 있는 쾌활한 인상 등에서 6세기 말이나 7세기 초에 만든 것으로 보인다. 
 특히 이 곳은 백제 때 중국으로 통하는 교통로의 중심지인 태안반도에서 부여로 가는 길목에 해당하므로, 이 마애여래삼존상은 당시의 활발했던 중국과의 문화교류 분위기를 엿볼 수 있게 하는 작품이라 하겠다.",http://www.cha.go.kr/unisearch/images/national_treasure/1612256.jpg
11,00850000,11,금동신묘명삼존불입상,"서울 용산구 이태원로55길 60-16, 삼성미술관 리움 (한남동)",삼국시대,"1930년 황해도 곡산군 화촌면 봉산리에서 출토되어 현재는 리움미술관에 전시되어 있는 불상으로 높이 15.5㎝이다. 하나의 커다란 광배(光背)에 본존불과 좌우보살상을 조각한 형태의 삼존불(三尊佛)로 현존하는 같은 형식의 불상 중에서 가장 크다.
 좌우의 보살상은 본존불보다 훨씬 작게 만들어 광배의 끝에 겨우 매달린 듯 보이는데, 이는 본존불을 한결 돋보이게 하는 효과를 내고 있다. 본존불의 가슴과 광배의 오른쪽 끝에 약간의 흠집이 있을 뿐, 전체적으로 보존 상태가 좋은 편이다. 
 본존불은 얼굴이 풍만하고 입가에 미소를 띠고 있으며, 머리에는 상투 모양의 머리(육계)가 큼직하다. 양 어깨를 감싸고 있는 옷은 두껍게 표현되어 있으며, 옷자락은 양 옆으로 펼쳐지면서 발목까지 덮고 있다. 오른손은 들어 손바닥을 보이고, 왼손은 내려서 손끝이 아래로 향하면서 손바닥을 보이고 있다. 광배는 불상과 분리되며 본존불의 등 뒤에 달려있는 뾰족한 촉(觸)으로 고정시켜 준다.
 배(舟) 모양의 광배는 본존불을 중심으로 머리광배와 몸광배를 표현하였고, 그 안에 연꽃무늬, 덩굴무늬, 인동초무늬를 새겼다. 머리광배와 몸광배의 가장자리에는 불꽃무늬를 새기고, 그 사이에는 작은 부처를 조각하였다. 광배의 아래쪽 끝부분에 새겨진 두 협시보살은 큼직한 얼굴에 원통형의 빈약한 체구를 지니고 있다. 가슴에는 X자형의 옷자락이 새겨져 있으며, 전체적으로 본존불에 비해 솜씨가 서툴러 보인다. 
 광배 뒷면에는 다섯 사람이 모여 그들의 스승과 부모를 위해 이 불상을 만들었다는 내용의 글이 새겨져 있다. 글에 나타난 사람 이름이나 불상의 양식으로 보아 고구려 불상으로 보이며, 글에 나타난 ‘신묘(辛卯)’는 고구려 평원왕 13년(571)년으로 추정된다. 
 전체적인 불상 형태는 큼직한 얼굴과 손, 추상적인 신체 표현 등에서 금동연가7년명여래입상(국보)의 양식을 계승하고 있지만, 강인한 기품이 줄어들고 유연하면서 세련된 모습이 나타나고 있다.",http://www.cha.go.kr/unisearch/images/national_treasure/1611493.jpg
11,00860000,11,개성 경천사지 십층석탑,"서울 용산구 서빙고로 137, 국립중앙박물관 (용산동6가)",고려 충목왕 4년(1348),"경천사는 경기도 개풍군 광덕면 부소산에 있던 절로 고려시대 전기에 창건된 것으로 추정된다. 절터에 세워져 있었던 이 탑은 일제강점기에 일본으로 무단으로 반출되었던 것을 되돌려 받아 1960년에 경복궁으로 옮겨 세워 놓았다가 현재는 국립중앙박물관에서 전시중이다.  
 석탑의 3단으로 된 기단(基壇)은 위에서 보면 아(亞)자 모양이고, 그 위로 올려진 10층의 높은 탑신(塔身) 역시 3층까지는 기단과 같은 아(亞)자 모양이었다가, 4층에 이르러 정사각형의 평면을 이루고 있다. 기단과 탑신에는 화려한 조각이 가득 차 있는데, 부처, 보살, 풀꽃무늬 등이 뛰어난 조각수법으로 새겨져 있다. 4층부터는 각 몸돌마다 난간을 돌리고, 지붕돌은 옆에서 보아 여덟 팔(八)자 모양인 팔작지붕 형태의 기와골을 표현해 놓는 등 목조건축을 연상케 하는 풍부한 조각들이 섬세하게 새겨져 있다.  탑의 1층 몸돌에 고려 충목왕 4년(1348)에 세웠다는 기록이 있어 만들어진 연대를 정확히 알 수 있다. 새로운 양식의 석탑이 많이 출현했던 고려시대에서도 특수한 형태를 자랑하고 있으며, 우리나라 석탑의 일반적 재료가 화강암인데 비해 대리석으로 만들어졌다는 점도 특이하다. 전체적인 균형과 세부적인 조각수법이 잘 어우러진 아름다운 자태로 눈길을 끌며, 지붕돌의 처마가 목조건축의 구조를 그대로 나타내고 있어 당시의 건축양식을 엿볼 수 있는 좋은 자료가 된다. 이러한 양식은 이후 조선시대에 이르러 서울 원각사지 십층석탑(국보)에 영향을 주기도 하였다. 
 일본으로 반출되면서 훼손되었던 원래의 탑 형태를 국립문화유산연구원의 복원작업을 거쳐 현재 국립중앙박물관에 전시되어 있다.",http://www.cha.go.kr/unisearch/images/national_treasure/1611495.jpg
11,00870000,37,금관총 금관 및 금제 관식,경북 경주시 일정로 186 국립경주박물관,신라시대(5세기),"경주시 노서동에 있는 금관총에서 발견된 신라의 금관으로, 높이 44.4㎝, 머리띠 지름 19㎝이다.
 금관은 내관(內冠)과 외관(外冠)으로 구성되어 있는데, 이 금관은 바깥에 쓰는 관으로 신라금관의 전형적인 형태를 갖추었다. 즉, 원형의 머리띠 정면에 3단으로 ‘출(出)’자 모양의 장식 3개를 두고, 뒤쪽 좌우에 2개의 사슴뿔모양 장식이 세워져 있다. 머리띠와 ‘출(出)’자 장식 주위에는 점선문을 장식하였고, 많은 비취색 옥과 구슬모양의 장식들이 규칙적으로 금실에 매달려 있다. 양 끝에는 가는 고리에 금으로 된 사슬이 늘어진 두 줄의 장식이 있는데, 일정한 간격으로 나뭇잎 모양의 장식과, 줄 끝에는 비취색 옥이 달려 있다.
 이 같은 외관(外冠)에 대하여 내관으로 생각되는 관모(冠帽)가 관(棺) 밖에서 발견되었다. 관모는 얇은 금판을 오려서 만든 세모꼴 모자로 위에 두 갈래로 된 긴 새날개 모양 장식을 꽂아 놓았다. 새날개 모양을 관모의 장식으로 꽂은 것은 삼국시대 사람들의 신앙을 반영한 것으로 샤머니즘과 관계가 있을 것으로 생각된다.
 이 금관은 기본 형태나 기술적인 면에서 볼 때 신라 금관 양식을 대표할 만한 걸작품이라 할 수 있다.",http://www.cha.go.kr/unisearch/images/national_treasure/1612812.jpg
11,00880000,37,금관총 금제 허리띠,경북 경주시 일정로 186 국립경주박물관,신라시대(5세기),"과대는 직물로 된 띠의 표면에 사각형의 금속판을 붙여 만든 허리띠를 말하며, 요패는 허리띠에 늘어뜨린 장식품을 말한다. 옛날 사람들은 허리띠에 옥(玉)같은 장식품과 작은칼, 약상자, 숫돌, 부싯돌, 족집게 등 일상도구를 매달았는데, 이를 관복에 적용한 것으로 보인다. 백제나 신라에서는 관직이나 신분에 따라 재료, 색, 수를 달리하여 그 등급을 상징하였다.
 경북 경주시 노서동 소재 금관총에서 출토된 신라시대 금제 과대 및 요패는 과대길이 109㎝, 요패길이 54.4㎝이다. 과대는 39개의 순금제 판으로 이루어져 있고, 양끝에 허리띠을 연결시켜 주는 고리인 교구를 달았으며, 과판에는 금실을 이용하여 원형장식을 달았다. 과대에 늘어뜨린 장식인 요패는 17줄로 길게 늘어뜨리고 끝에 여러 가지 장식물을 달았다. 장식물의 길이가 일정하지 않지만, 크고 긴 것을 가장자리에 달았다.
 금관총 과대 및 요패는 무늬를 뚫어서 조각한 수법이 매우 정교한 우수한 작품으로 평가된다.",http://www.cha.go.kr/unisearch/images/national_treasure/1612814.jpg
11,00890000,11,평양 석암리 금제 띠고리,"서울특별시 용산구 서빙고로 137 (용산동6가, 국립중앙박물관)","낙랑시대(1,2세기)","평안남도 대동군 석암리 9호분에서 출토된 금제교구로, 길이 9.4㎝, 너비 6.4㎝이며, 허리띠를 연결시켜주는 금제 장식이다.
 머리쪽이 넓고 둥글게 되어 있으며, 안쪽에 이와 평행하게 휘어진 구멍을 만들었고 걸 수 있는 고리를 만들어 허리띠를 매게 하였다. 틀을 만들어 그 위에 금판을 놓고 두드려 용의 윤곽을 만들고 금실과 금 알갱이로 큰 용 한마리와 작은 용 여섯마리를 만들었다. 가장자리는 금실을 꼬아서 돌렸고, 안으로 일정한 넓이의 삼각형을 만들었다. 용과 용사이에는 꽃잎모양의 윤곽을 만들고 그 속에 비취옥(玉)을 끼워 넣었는데 현재 7개만이 남아 있다.
 금실을 이용하여 장식하는 누금세공(鏤金細工)의 수법이 매우 뛰어나며, 용 7마리의 배치도 율동적으로 표현된 뛰어난 작품이다.",http://www.cha.go.kr/unisearch/images/national_treasure/1611501.jpg
11,00900000,11,경주 부부총 금귀걸이,"서울특별시 용산구 서빙고로 137 (용산동6가, 국립중앙박물관)",신라시대(5세기),"경주 보문동의 부부총(夫婦塚)에서 출토된 신라시대 한쌍의 금귀걸이로, 길이 8.7cm이다. 태환이식이란 가운데를 빈 공간으로 하여 무게를 가볍게 한 귀걸이를 말한다.
 귀걸이의 몸체가 되는 커다랗고 둥근 고리에 타원형의 중간고리가 연결되었으며, 그 아래에는 나뭇잎 모양의 화려한 장식들이 매달려 있다. 커다란 둥근 고리에는 거북등무늬와 같은 육각형으로 나누어 그 안에 4엽 혹은 3엽의 꽃을 표현하였는데, 꽃 하나하나에 금실과 금 알갱이를 붙이는 누금세공법(鏤金細工法)을 이용하여 섬세하게 장식하였다. 밑부분에는 나뭇잎 모양의 작은 장식들을 금실을 꼬아서 연결하고 장식 끝에 커다란 하트모양을 달았다.
 신라 귀걸이 장식에는 대부분 이처럼 서역(西域)에서 전래된 누금세공법이 사용되었는데 그 중에서 태환을 비롯한 전체에 누금세공법을 사용한 가장 대표적인 것으로 화려하고 놀라운 세공 기술을 보여주고 있다.",http://www.cha.go.kr/unisearch/images/national_treasure/1611503.jpg
11,00910000,11,도기 기마인물형 명기,"서울특별시 용산구 서빙고로 137 (용산동6가, 국립중앙박물관)",신라시대(5세기),"경주시 금령총에서 출토된 한 쌍의 토기로 말을 타고 있는 사람의 모습이다. 주인상은 높이 23.4㎝, 길이 29.4㎝이고, 하인상은 높이 21.3㎝, 길이 26.8㎝이다. 금령총에서 1924년에 배모양 토기와 함께 출토되었으며, 죽은 자의 영혼을 육지와 물길을 통하여 저세상으로 인도해 주는 주술적인 목적으로 만들어진 것으로 보인다.
 두 인물상은 두꺼운 직사각형 판(板)위에 다리가 짧은 조랑말을 탄 사람이 올라 앉아있는 모습이다. 말 엉덩이 위에는 아래로 구멍이 뚫린 등잔이 있고, 앞 가슴에는 긴 부리가 돌출되어 있어 비어있는 말의 뱃속을 통해 물을 따를 수 있게 되어 있다.
 두 인물상의 모습은 말 장식이 화려한 주인상의 경우 고깔 형태의 띠와 장식이 있는 삼각모(三角帽)를 쓰고 격자 무늬 바지를 입고 있다. 하인상은 건(巾)을 동여맨 상투머리에 웃옷을 벗은 맨 몸으로 등에 짐을 메고 오른손에 방울같은 것을 들고 있어 길을 안내하고 있는 듯한 모습이다.
 이 인물상 형태의 토기는 신라인의 영혼관과 당시의 복식, 무기, 말갖춤 상태, 공예의장(工藝意匠) 등에 대한 연구에 큰 도움을 주는 중요한 유물이다.",http://www.cha.go.kr/unisearch/images/national_treasure/1611505.jpg
11,00920000,11,청동 은입사 포류수금문 정병,"서울특별시 용산구 서빙고로 137 (용산동6가, 국립중앙박물관)",고려시대(12세기),"고려시대 대표적인 금속 공예품의 하나로 높이 37.5㎝의 은입사로 시문된 정병(淨甁)이다.
둥근 몸체의 어깨와 굽 위에 꽃무늬를 두르고, 그 사이에 우거진 갈대와 수양버들이 늘어진 언덕이 있으며, 주위로 오리를 비롯하여 물새들이 헤엄치거나 날아오르는 서정적인 풍경을 묘사하였다. 먼 산에는 줄지어 철새가 날고 있고, 물 위에는 사공이 조각배를 젓고 있다. 이들은 모두 청동 바탕에 문양 부분을 파낸 뒤 은을 박아 장식한 은입사(銀入絲) 기법으로 시문하였다.
 물을 따르는 부리에는 뚜껑이 덮여 있는데 구멍을 뚫어 장식하는 기법으로 덩굴 무늬를 새기고, 그 옆면에는 연꽃 무늬를 배치하였다. 목 부분의 둥근 테두리에 덮힌 뚜껑에도 은판(銀板)을 뚫을새김으로 장식하였다. 
 이 정병은 형태에 있어서 안정감 있고 유려한 곡선미를 보여주며, 무늬를 표현함에 있어서도 고려 전기부터 크게 발달된 입사기법(入絲技法)을 유감없이 발휘하고 있다. 현존하는 고려시대 은입사정병은 여러 점이 알려져 있으나, 이 정병은 푸른  색조와 어우러진 문양의 서정성이 돋보이는 가장 뛰어난 작품이다.",http://www.cha.go.kr/unisearch/images/national_treasure/1611509.jpg
11,00930000,11,백자 철화포도원숭이문 항아리,"서울특별시 용산구 서빙고로 137 (용산동6가, 국립중앙박물관)",조선시대(18세기 전반),"조선 후기 백자 항아리로 적당한 높이의 아가리에 어깨부분이 불룩하고 아래로 갈수록 서서히 좁아지는 모양이다. 크기는 높이 30.8㎝, 입지름 15㎝, 밑지름 16.4㎝이다.
 직각으로 올라 선 아가리 둘레에도 무늬를 두르고 몸통에는 능숙한 솜씨로 포도 덩굴을 그려 넣었다. 검은색 안료를 사용하여 그린 포도 덩굴의 잎과 줄기의 생생한 표현으로 보아 도공(陶工)들이 그린 그림이 아니라 전문 화가들이 그린 회화성이 짙은 그림임을 알 수 있다.
 몸통 전면에 푸른색이 감도는 유백색의 백자 유약이 고르게 칠해져 있는 이 항아리는 이화여자대학교 박물관에 있는 백자 철화포도문 항아리(국보)와 함께 조선시대의 대표적인 백자 항아리이다.",http://www.cha.go.kr/unisearch/images/national_treasure/1611510.jpg
11,00940000,11,청자 참외모양 병,"서울특별시 용산구 서빙고로 137 (용산동6가, 국립중앙박물관)",고려시대(12세기 전반),"경기도 장단군에 있는 고려 인종(仁宗)의 능에서 ‘황통(皇統)6년(1146)’이란 연도가 표기된 책과 함께 발견된 화병으로, 높이 22.8㎝, 구연의 지름 8.8㎝, 밑지름 8.8㎝ 크기이다.
 참외 모양의 몸체에 꽃을 주둥이로 삼아 표현한 매우 귀족적인 작품으로 긴 목에 치마주름 모양의 높은 굽이 받치고 있는 단정하고 세련된 화병이다. 담록색이 감도는 맑은 비색 유약이 얇고 고르게 발라져 있다. 
 전라남도 강진군 사당리 7·8호 가마터를 중심으로 동일한 청자조각이 발견되고 있어 주목된다. 이러한 양식은 다른 고려 고분의 출토품에도 보이며 중국의 자주요와 경덕진 가마에서도 비슷한 유형의 병이 발견된다.
 고려 청자 전성기인 12세기 전기에 만들어진 것으로 우아하고 단정한 모습과 비색의 은은한 유색이 돋보이는 참외모양 화병 중 가장 아름다운 작품으로 평가된다.",http://www.cha.go.kr/unisearch/images/national_treasure/1611512.jpg
11,00950000,11,청자 투각칠보문뚜껑 향로,"서울특별시 용산구 서빙고로 137 (용산동6가, 국립중앙박물관)",고려시대(12세기),"고려 전기의 청자 향로로, 높이 15.3㎝, 대좌지름 11.2㎝의 크기이며 뚜껑과 몸통 두 부분으로 구성되어 있다. 
 뚜껑은 향이 피어올라 퍼지도록 뚫어서 장식한 구형(球形) 부분과 그 밑에 받침 부분으로 되어 있다. 
 구형 부분 곳곳의 교차 지점에는 흰 점이 하나씩 장식되어 있다. 몸통은 두 부분으로 윗부분은 둥근 화로 형태인데, 몇 겹의 국화잎으로 싸여있고 다시 커다란 국화잎이 이를 받치고 있다. 아래 부분은 향로 몸체를 받치고 있는 대좌로, 3 마리의 토끼가 등으로 떠받들고 있다. 대좌의 옆면에는 덩굴무늬가 새겨져 있으며 토끼의 두 눈은 검은 점을 찍어서 나타냈다. 유약은 회청색으로 은은한 광택이 난다. 
 이 작품은 상감청자의 일종으로 볼 수 있는데, 고려 청자에서는 드물게 다양한 기교를 부린 작품이라고 할 수 있다. 공예적인 섬세한 장식이 많은 듯 하면서도 전체적으로 조화와 균형이 잘 잡힌 안정감 있는 뛰어난 청자 향로이다.",http://www.cha.go.kr/unisearch/images/national_treasure/1611513.jpg
11,00960000,11,청자 구룡형 주전자,"서울특별시 용산구 서빙고로 137 (용산동6가, 국립중앙박물관)",고려시대(12세기 전반),"고려 청자의 전성기인 12세기경에 만들어진 청자 주전자로, 높이 17㎝, 밑지름 10.3㎝, 굽지름 9.9㎝의 크기이다. 연꽃 위에 앉아있는 거북을 형상화했는데 물을 넣는 수구(水口), 물을 따르는 부리, 몸통, 손잡이로 구성되어 있다.
 얼굴 모습은 거북이라기보다 오히려 용에 가깝다.  이마 위의 뿔과 수염, 갈기, 눈, 이빨, 비늘 등이 모두 정교하면서도 부드럽게 숙련된 솜씨로 만들어졌다. 두 눈의 눈동자는 검은색 안료를 사용하여 점을 찍었으며, 아래와 위의 이빨은 가지런하게 표현되어 있다. 목과 앞 가슴의 비늘은 음각했으며, 발톱은 실감나도록 양각해 놓았다.
 등에는 거북등 모양을 새겨 그 안에 왕(王)자를 써 넣었고, 등 뒤로 꼬아 붙인 연꽃 줄기는 그대로 손잡이가 되도록 만들었다. 거북등 중앙에는 섬세하게 표현된 작은 연꽃잎을 오므려 그곳에 물을 담도록 되어있다. 유약은 회청색으로 은은한 윤기가 흐른다.
 섬세하고 정교하게 표현된 거북의 모습은 우아한 비취색과 함께, 당시 유행한 동·식물 모양을 모방해서 만든 상형청자의 아름다움을 보여주는 좋은 작품이다.",http://www.cha.go.kr/unisearch/images/national_treasure/1611514.jpg
11,00970000,11,청자 음각연화당초문 매병,"서울특별시 용산구 서빙고로 137 (용산동6가, 국립중앙박물관)",고려시대(12세기),"고려시대 만들어진 청자매병으로, 높이 43.9㎝, 아가리지름 7.2㎝, 밑지름 15.8㎝이다. 원래 매병의 양식은 중국 당나라와 송나라에서 그 근원을 찾을 수 있는데, 고려 초기에 전래된 이후 곡선이나 양감에서 중국과는 다른 방향으로 발전하여 고려의 독특한 아름다움을 창조하게 되었다. 
 이 매병은 작고 야트막하나 야무진 아가리와 풍만한 어깨와 몸통, 잘록한 허리, 그리고 아래부분이 밖으로 약간 벌어진 곡선에서 전형적인 고려자기 임을 알수 있다. 아가리는 일반적인 매병 양식으로 각이 져 있으며 약간 밖으로 벌어졌다.
 몸통에는 연꽃덩굴 무늬가 전면에 힘차고 큼직하게 표현되어 있다. 맑고 투명한 담록의 회청색 청자유가 전면에 고르게 씌워져 있으며, 표면에 그물 모양의 빙렬(氷裂)이 있다. 
 유약의 느낌이나 작품의 모양새를 보면 전라남도 강진군 대구면 사당리 가마에서 구워 냈을 것으로 추정되며, 12세기 고려 순청자 전성기의 작품으로 보인다.",http://www.cha.go.kr/unisearch/images/national_treasure/1611516.jpg
11,00980000,11,청자 상감모란문 항아리,"서울특별시 용산구 서빙고로 137 (용산동6가, 국립중앙박물관)",고려시대(12세기),"고려시대 만들어진 청자 항아리로 크기는 높이 20.1㎝, 아가리지름 20.7㎝, 밑지름 14.8㎝이다.
 몸통에는 앞뒤로 모란이 한 줄기씩 장식되어 있다. 모란꽃은 잎맥까지도 세세하게 묘사되어 있는데, 몸체의 한 면마다 가득히 큼직한 문양을 넣어 인상적이고 시원한 느낌을 준다. 특히 꽃은 흰색으로 잎은 검은색으로 상감하였는데, 꽃을 중심으로 잎을 좌·우·상·하로 대칭되게 배열하였다. 유약은 맑은 녹색이 감도는 회청색으로 매우 얇고 고르게 칠해져 있다. 
 유약의 느낌이나 항아리의 형태로 보아 12세기경의 작품으로 보이는 이 항아리는 꽃과 잎이 큼직하게 표현됨으로써 흑백의 대비가 강하여 시원한 느낌을 주며, 면상감기법을 효과적으로 사용하여 상감기법의 높은 품격을 보여주고 있다.",http://www.cha.go.kr/unisearch/images/national_treasure/1611517.jpg
11,00990000,11,김천 갈항사지 동·서 삼층석탑,"서울 용산구 서빙고로 137, 국립중앙박물관 (용산동6가)",통일신라 경덕왕17년(759),"갈항사터(경상북도 김천시 남면 오봉동 소재)에 동·서로 세워져 있던 두 탑으로, 일제강점기에 일본으로 반출될 위기에 처하자 1916년 경복궁으로 옮겨지고, 현재 국립중앙박물관에 옮겨 놓았다.
 2층 기단(基壇) 위에 3층의 탑신(塔身)을 올린 일반적인 모습이며, 서로 규모와 구조가 같다. 기단의 네 모서리와 각 면의 가운데에 기둥모양을 본떠 새겼는데, 특히 가운데기둥은 두 개씩을 두었다. 몸돌과 지붕돌을 각각 하나의 돌로 구성하고 있는 탑신부는 몸돌의 모서리마다 기둥을 조각하였으며, 지붕돌의 밑면에 5단씩의 받침을 마련하였다. 동탑의 기단에 통일신라 경덕왕 17년(758)에 언적법사 3남매가 건립하였다는 내용이 새겨져 있어 만들어진 연대를 정확히 알 수 있으며, 이두문을 사용하고 있어 더욱 특기할 만하다.
 두 탑 모두 꼭대기의 머리장식만 없어졌을 뿐 전체적으로 온전하게 잘 남아있다. 두 탑의 규모가 그리 크지는 않지만 각 부분의 비례가 조화를 이루고, 위아래층 기단에 가운데기둥을 두 개씩 새겨 놓고 있어 당시의 석탑양식이 잘 담겨져 있는 탑이다.",http://www.cha.go.kr/unisearch/images/national_treasure/1611518.jpg
